n_samples,replication,estimate,standard_error,ci_low,ci_high,covered
128,0,0.3676754808739849,0.02792155903936485,0.31295023076462103,0.42240073098334874,1
128,1,0.3409044270997536,0.025544370606507216,0.2908383807032559,0.3909704734962513,1
128,2,0.3157032086395073,0.027438605551694344,0.2619245299721856,0.36948188730682896,1
128,3,0.35162906735518834,0.026614168565658253,0.29946625548802014,0.40379187922235654,1
128,4,0.317236780471278,0.02508699183958946,0.26806717998523244,0.3664063809573236,1
128,5,0.33419263653369147,0.0266329356061031,0.28199304194315494,0.386392231124228,1
128,6,0.2950686588900668,0.026540634133004837,0.24304997186252286,0.3470873459176107,1
128,7,0.37855948412147744,0.02674484220367707,0.3261405566300635,0.43097841161289135,1
128,8,0.31789479528551035,0.025531928278833577,0.2678531354031368,0.36793645516788387,1
128,9,0.31737830691107727,0.02793019610252913,0.2626361284689792,0.3721204853531753,1
128,10,0.34974348646527015,0.02768747501881531,0.2954770326055397,0.4040099403250006,1
128,11,0.3297198160636877,0.023759332626686912,0.2831523798186739,0.3762872523087015,1
128,12,0.3020318028611215,0.02418981371414431,0.2546206391886656,0.3494429665335774,1
128,13,0.3726508604697877,0.026520381905873712,0.32067186707802753,0.42462985386154783,1
128,14,0.2682653089014644,0.024434314019058774,0.22037493343716705,0.3161556843657617,0
128,15,0.3347731344464422,0.02569568379144217,0.2844105196570859,0.38513574923579846,1
128,16,0.36811102880219504,0.027210931624907893,0.3147785828315936,0.4214434747727965,1
128,17,0.3616808277461986,0.027092267419496503,0.30858095934445756,0.4147806961479396,1
128,18,0.32688734818894366,0.026201687179502053,0.27553298498293477,0.37824171139495255,1
128,19,0.28631892510246826,0.025568905276387735,0.23620479163663216,0.33643305856830436,1
128,20,0.3240885545987196,0.026515403546897378,0.27211931861125516,0.37605779058618405,1
128,21,0.37202502098149565,0.02655014650618191,0.3199876900451172,0.4240623519178741,1
128,22,0.33328756309275254,0.02749895064287409,0.2793906102200748,0.3871845159654303,1
128,23,0.34333414639528864,0.02793641024273939,0.2885797884621836,0.3980885043283937,1
128,24,0.30928519489127676,0.025409986124842056,0.25948253723892384,0.3590878525436297,1
128,25,0.2967266895301275,0.025397631508658574,0.246948246480537,0.34650513257971793,1
128,26,0.3132732487910111,0.026671032197777216,0.2609989862528596,0.3655475113291626,1
128,27,0.3182038131248576,0.024588127034582564,0.2700119696897802,0.36639565655993506,1
128,28,0.36966234473354037,0.027967993197605956,0.3148460853463715,0.42447860412070926,1
128,29,0.3587844002235431,0.027089709947229295,0.30568954437533724,0.4118792560717489,1
128,30,0.3369919572541894,0.02654004770444635,0.28497441960549963,0.38900949490287917,1
128,31,0.3515861377546831,0.026181863636261925,0.30027062797947085,0.4029016475298954,1
128,32,0.3447224705671621,0.02692577259032106,0.29194892603421707,0.3974960151001071,1
128,33,0.34909519611251494,0.028239116826269863,0.29374754417780696,0.4044428480472229,1
128,34,0.28880825237577185,0.024315220141776624,0.24115129662172677,0.33646520812981695,1
128,35,0.38465119933037856,0.02937403312888377,0.32707915231707996,0.44222324634367716,1
128,36,0.34055319337749435,0.026284574688777873,0.2890363736385366,0.39207001311645207,1
128,37,0.3215100225701784,0.02711515837177671,0.2683652887263963,0.3746547564139605,1
128,38,0.30871542473346025,0.025659225507370088,0.2584242668678234,0.3590065825990971,1
128,39,0.3322288851431232,0.02687311641341448,0.27955854482047865,0.38489922546576777,1
128,40,0.354444869533337,0.028157857133227916,0.29925648367038604,0.4096332553962879,1
128,41,0.2963430954274333,0.02656227060579302,0.24428200169247208,0.3484041891623945,1
128,42,0.32112021436337757,0.02622876135836495,0.2697127867418864,0.3725276419848687,1
128,43,0.3615397449325529,0.026599049273598324,0.30940656633329394,0.4136729235318119,1
128,44,0.3525044307271503,0.025844567876902792,0.30185000849242005,0.4031588529618806,1
128,45,0.3835582672097596,0.025322751517331647,0.3339265862463326,0.4331899481731866,0
128,46,0.3178776559421345,0.026139892065300697,0.26664440893438085,0.3691109029498882,1
128,47,0.35392960641480475,0.028399211214139318,0.29826817524574567,0.40959103758386384,1
128,48,0.32334443562345266,0.025542037220624456,0.2732829625792472,0.3734059086676581,1
128,49,0.32655123869499514,0.025029034153462408,0.27749523318638586,0.3756072442036044,1
128,50,0.39191078907516874,0.028754124096733384,0.335553741438576,0.44826783671176146,0
128,51,0.3259080920420879,0.02722449909267523,0.2725490543233011,0.37926712976087473,1
128,52,0.2923471839074167,0.02373361059264173,0.2458301619227406,0.3388642058920928,1
128,53,0.32649635171438807,0.02642530109940816,0.2747037132789214,0.37828899014985473,1
128,54,0.31306837905027624,0.026273182135178888,0.2615738883060645,0.364562869794488,1
128,55,0.36932933854726047,0.027493399653466217,0.31544326541390066,0.42321541168062027,1
128,56,0.34640682668038103,0.02781459823196395,0.29189121590128025,0.4009224374594818,1
128,57,0.3158515573076204,0.027004516189164773,0.26292367815692863,0.3687794364583121,1
128,58,0.33651861697071905,0.02641023351525449,0.2847555104575276,0.3882817234839105,1
128,59,0.297749538336718,0.02411072965552602,0.2504933765709052,0.34500570010253084,1
128,60,0.37309545569100344,0.026330332316664762,0.32148895264936944,0.42470195873263744,1
128,61,0.30891685153104964,0.025475333435443722,0.2589861155034309,0.35884758755866836,1
128,62,0.30846593801048,0.02482339062371377,0.25981298641383177,0.35711888960712823,1
128,63,0.3052949339455978,0.02502523262979478,0.2562463792864635,0.35434348860473214,1
128,64,0.3400287910832914,0.02800089655516284,0.28514804230034063,0.3949095398662422,1
128,65,0.3186005814260058,0.025767654530949997,0.26809690657927343,0.36910425627273813,1
128,66,0.2762959305804891,0.023192484209003945,0.23083949681882748,0.32175236434215077,0
128,67,0.32073817804231525,0.02564572069584537,0.2704734891208848,0.3710028669637457,1
128,68,0.40736899242358005,0.027157636689722296,0.3541410026065008,0.4605969822406593,0
128,69,0.3088525744796097,0.026971218750823714,0.2559899571088438,0.36171519185037554,1
128,70,0.3106543859826848,0.02450146572033584,0.26263239560238383,0.35867637636298577,1
128,71,0.29516666643771783,0.024436897414421895,0.24727122761155096,0.3430621052638847,1
128,72,0.3079831082190134,0.02467942628824257,0.25961232153494695,0.3563538949030799,1
128,73,0.3684467146460233,0.026277790275836807,0.3169431921120863,0.4199502371799603,1
128,74,0.33343532509731644,0.02703361909851078,0.2804504052924611,0.38642024490217175,1
128,75,0.3297092831177229,0.026568065859798238,0.27763683089363017,0.38178173534181564,1
128,76,0.30009299982786297,0.02525003739034733,0.2506038359344925,0.34958216372123346,1
128,77,0.33892593467837046,0.027370144805245283,0.2852814366084437,0.3925704327482972,1
128,78,0.31403996121535116,0.027688436316902616,0.2597716232459912,0.36830829918471114,1
128,79,0.318886958614848,0.024730430598013525,0.27041620532057414,0.36735771190912186,1
128,80,0.3373546212511693,0.02541911295152637,0.287534075347222,0.3871751671551166,1
128,81,0.34994913026417934,0.027553393996375183,0.29594547037944186,0.40395279014891683,1
128,82,0.33570780095755276,0.026039647237708418,0.28467103020151635,0.38674457171358917,1
128,83,0.34265322415134963,0.02706504276993186,0.289606715082247,0.39569973322045227,1
128,84,0.34573847191639456,0.026150067008920454,0.29448528238560145,0.39699166144718767,1
128,85,0.30780479938355176,0.027187750155964457,0.2545177882571882,0.36109181050991535,1
128,86,0.3273978071164172,0.026977907229728468,0.2745220805678867,0.3802735336649477,1
128,87,0.3199398172770148,0.025442166346166185,0.27007408754985207,0.36980554700417756,1
128,88,0.3385932973797448,0.025714519326138927,0.28819376562075333,0.3889928291387363,1
128,89,0.33246377567325286,0.026643032269048315,0.2802443919869797,0.384683159359526,1
128,90,0.3766572554659975,0.029074692227627683,0.3196719058382606,0.43364260509373437,1
128,91,0.3281301778399046,0.026444592490350236,0.2762997289729798,0.37996062670682945,1
128,92,0.3368760417430531,0.02661448120966046,0.2847126171049006,0.38903946638120557,1
128,93,0.3208571533819354,0.026766302392385706,0.2683961646935511,0.37331814207031966,1
128,94,0.3515021392547103,0.028135044609125772,0.296358465117396,0.4066458133920246,1
128,95,0.3284097219153953,0.02744608047179289,0.27461639267389315,0.38220305115689746,1
128,96,0.3073942353869266,0.025462807210565926,0.2574880503089306,0.3573004204649226,1
128,97,0.32752272495713997,0.02623456827771215,0.27610391598286715,0.3789415339314128,1
128,98,0.34237500212248145,0.026327793794334052,0.2907734744931896,0.39397652975177333,1
128,99,0.3241281475630292,0.025680055226552027,0.2737961641979877,0.37446013092807073,1
128,100,0.35539117803341685,0.028181852563308175,0.30015576199171506,0.41062659407511864,1
128,101,0.3326657112987931,0.0254538789467333,0.2827770252963535,0.38255439730123264,1
128,102,0.31102083535678143,0.024896148116310957,0.2622252816950373,0.3598163890185256,1
128,103,0.3568023676028894,0.02713674127446192,0.3036153320471625,0.4099894031586163,1
128,104,0.35434082989687254,0.026637588117907153,0.30213211655076244,0.40654954324298265,1
128,105,0.3063595672742443,0.026422604517911803,0.25457221404139185,0.35814692050709673,1
128,106,0.35679740644293756,0.026021460088598927,0.3057962818441372,0.4077985310417379,1
128,107,0.29855152852913547,0.02180947284748768,0.2558057472262554,0.34129730983201556,1
128,108,0.3128782860439408,0.02521458196364445,0.26345861350996447,0.36229795857791713,1
128,109,0.3345394329703948,0.024605573186570008,0.28631339570575315,0.38276547023503643,1
128,110,0.37292547385248664,0.02483065860628804,0.32425827727175255,0.42159267043322074,1
128,111,0.3705367997296618,0.02760084850120842,0.31644013072454696,0.42463346873477664,1
128,112,0.3037673056280542,0.025520770991745597,0.2537475136265383,0.3537870976295701,1
128,113,0.29296771566583196,0.02563423152159606,0.2427255451121423,0.34320988621952164,1
128,114,0.3682315211570301,0.025955483690557026,0.31735970792222157,0.41910333439183867,1
128,115,0.35857579997597155,0.026825594903693815,0.3059986001008705,0.4111529998510726,1
128,116,0.3613282989294661,0.026864773546138615,0.30867431032621007,0.41398228753272215,1
128,117,0.3491371270307321,0.026415948743765502,0.29736281887549565,0.4009114351859685,1
128,118,0.3715753706032131,0.02697538627233251,0.31870458504038524,0.424446156166041,1
128,119,0.33594428109712926,0.026671358079652804,0.2836693798422384,0.38821918235202013,1
128,120,0.3577046203012653,0.027011026744494675,0.3047639806966076,0.41064525990592304,1
128,121,0.34530687445873254,0.025928566487265162,0.2944878179729406,0.3961259309445245,1
128,122,0.3623557175656584,0.026119003920268558,0.3111634105698715,0.41354802456144524,1
128,123,0.29865172687283364,0.025306914729480618,0.24905108544322543,0.34825236830244183,1
128,124,0.36894061746373685,0.026631784058538617,0.3167432798649532,0.4211379550625205,1
128,125,0.30981329707311045,0.026314201349545725,0.2582384101460656,0.3613881840001553,1
128,126,0.32788098497701323,0.026347672848775566,0.2762404951169693,0.37952147483705717,1
128,127,0.3743799411051568,0.025916233159470826,0.3235850574976513,0.4251748247126623,1
128,128,0.30812023054352816,0.025599715001413295,0.2579457111262684,0.3582947499607879,1
128,129,0.30013614658512167,0.025136632163788447,0.2508692528514652,0.3494030403187781,1
128,130,0.2930128383014952,0.027078420410763523,0.23994010953816441,0.346085567064826,1
128,131,0.33200068321987575,0.026698851624048246,0.27967189560816247,0.384329470831589,1
128,132,0.34024970409095734,0.025446181106260016,0.2903761055786041,0.3901233026033106,1
128,133,0.2957355091864835,0.026254670025121874,0.2442773015112613,0.3471937168617057,1
128,134,0.3214790986413032,0.02680852121841209,0.2689353625744377,0.3740228347081687,1
128,135,0.3837357831915159,0.027880214578718022,0.32909156673598006,0.43837999964705177,1
128,136,0.3028032733906931,0.02475059700221799,0.2542929946704808,0.35131355211090537,1
128,137,0.354768290457967,0.026810033263887763,0.30222159083642613,0.40731499007950783,1
128,138,0.358369896505345,0.025287688918875575,0.30880693697209627,0.40793285603859375,1
128,139,0.35616315657783953,0.02685178402353548,0.303534626971062,0.4087916861846171,1
128,140,0.33530417958495,0.027481554047753244,0.2814413234121627,0.3891670357577373,1
128,141,0.36250270661777595,0.024748129200270006,0.3139972647005027,0.4110081485350492,1
128,142,0.3522386199743186,0.026665856452969955,0.2999745017095825,0.4045027382390547,1
128,143,0.30092486755828773,0.025107348552186087,0.25171536864870914,0.35013436646786633,1
128,144,0.3160910289265765,0.02434230294126679,0.2683809918609302,0.3638010659922228,1
128,145,0.2846198584437425,0.024108855177211504,0.23736737058791593,0.3318723462995691,0
128,146,0.3274271181079734,0.02659482113427428,0.2753022265095112,0.37955200970643566,1
128,147,0.3338955808295031,0.026362754640431026,0.28222553120099214,0.38556563045801406,1
128,148,0.3481835948796276,0.025920683115033996,0.29737998951948547,0.3989872002397697,1
128,149,0.29536435883892787,0.022136748475397917,0.251977129092326,0.33875158858552973,1
128,150,0.3097230915570496,0.0248488294254132,0.2610202808252606,0.3584259022888386,1
128,151,0.4215828383061476,0.028102964912193353,0.36650203921945584,0.4766636373928394,0
128,152,0.3294712669991976,0.02651758313828626,0.2774977590911099,0.3814447749072853,1
128,153,0.32604441481068125,0.026736834463242504,0.27364118220211664,0.37844764741924586,1
128,154,0.3220486986448138,0.027150443791776026,0.26883480664865367,0.3752625906409739,1
128,155,0.2918243143808301,0.026761730434114415,0.2393722865659964,0.34427634219566383,1
128,156,0.34992664298020737,0.026636949596701088,0.29771918111266454,0.4021341048477502,1
128,157,0.31510614390190006,0.024602841731347896,0.26688546019111914,0.363326827612681,1
128,158,0.406888242972414,0.026284065750101185,0.3553724207349329,0.4584040652098951,0
128,159,0.31325242334603054,0.02617857872980093,0.2619433518691744,0.3645614948228867,1
128,160,0.3311707803292335,0.027541754749695595,0.2771899329487952,0.3851516277096719,1
128,161,0.29936306371245164,0.0271716724229686,0.246107564363713,0.35261856306119027,1
128,162,0.3432388162221965,0.024929345140684237,0.29437819758828676,0.3920994348561062,1
128,163,0.3162614570318998,0.024707038441700767,0.2678365515215197,0.3646863625422799,1
128,164,0.36408716945662944,0.02634237487931905,0.31245706342591145,0.41571727548734744,1
128,165,0.33293621752615965,0.027673969908277495,0.27869623319669057,0.38717620185562873,1
128,166,0.31121196044457006,0.025231520656738417,0.26175908868218434,0.3606648322069558,1
128,167,0.35097073698063913,0.024933160788639417,0.3021026398141596,0.3998388341471187,1
128,168,0.32994806337789173,0.02654728038423311,0.2779163499373082,0.3819797768184753,1
128,169,0.358625396093492,0.02815576210578077,0.30344111640888405,0.4138096757780999,1
128,170,0.33498157455042066,0.02715483402803415,0.281759077849311,0.38820407125153034,1
128,171,0.36306600945467704,0.027389138830542156,0.3093842837792469,0.41674773513010716,1
128,172,0.28346426248640266,0.025531176950966572,0.23342407517958905,0.33350444979321625,1
128,173,0.31827933794607477,0.027780836768958615,0.26382989841852983,0.3727287774736197,1
128,174,0.3639795314919021,0.02639823758768116,0.3122399365647155,0.4157191264190887,1
128,175,0.3486804959673684,0.02734253018664178,0.29509012155535125,0.4022708703793855,1
128,176,0.3178855029930332,0.025973470174163345,0.26697843689814776,0.36879256908791863,1
128,177,0.36528922896344984,0.027463223326035003,0.3114623003450409,0.4191161575818588,1
128,178,0.3297448634731644,0.028158164964400573,0.27455587427220174,0.38493385267412705,1
128,179,0.35982148886133514,0.02798076322832253,0.3049802006738803,0.41466277704878995,1
128,180,0.2967783229998573,0.02568295005708079,0.24644066587123803,0.34711598012847655,1
128,181,0.3295445796824963,0.026177910350477285,0.27823681820504254,0.38085234115995004,1
128,182,0.3712112954919612,0.026505437859632452,0.31926159189261716,0.4231609990913052,1
128,183,0.3331570560182545,0.025907396919539086,0.282379491122774,0.38393462091373504,1
128,184,0.3049108488977664,0.026322240942688726,0.2533202046577108,0.3565014931378219,1
128,185,0.3260248460358166,0.026783553629672916,0.27353004554366067,0.37851964652797254,1
128,186,0.3388571550295258,0.02596376348706624,0.28796911369175987,0.3897451963672917,1
128,187,0.3404661041950764,0.026486150898205784,0.2885542023454999,0.3923780060446529,1
128,188,0.38147444140735415,0.02574783775488134,0.3310096067280061,0.4319392760867022,1
128,189,0.34675541516508485,0.026497201537507894,0.29482185446047005,0.39868897586969965,1
128,190,0.33274828380827937,0.026185641736191725,0.2814253690932747,0.38407119852328403,1
128,191,0.335130469035542,0.025529250443851955,0.285094057613289,0.385166880457795,1
128,192,0.25531899232144606,0.023906057414393528,0.20846398077688802,0.30217400386600407,0
128,193,0.36014895124895724,0.02947512781839683,0.3023787622851848,0.4179191402127297,1
128,194,0.29866380913988355,0.02580955316973,0.24807801447014116,0.34924960380962594,1
128,195,0.30749714869299427,0.02586721903391775,0.2567983310063065,0.35819596637968204,1
128,196,0.29439866600327136,0.024668742778662787,0.24604881861320976,0.34274851339333295,1
128,197,0.3760963403437724,0.02754890975474922,0.3221014694111197,0.430091211276425,1
128,198,0.3818018606877161,0.02784663334190491,0.32722346224689025,0.43638025912854195,1
128,199,0.35033472558027434,0.025410470940458785,0.3005311177067735,0.4001383334537752,1
128,200,0.3550972552493358,0.026886023298378667,0.3024016178970088,0.40779289260166274,1
128,201,0.32414826160404175,0.02582889487029992,0.27352455789778257,0.37477196531030094,1
128,202,0.31776554071062824,0.02633057194058442,0.26615856801474186,0.3693725134065146,1
128,203,0.35703138344560703,0.02855457112929066,0.30106545243821015,0.4129973144530039,1
128,204,0.31291893998845355,0.02672735684491555,0.260534283170469,0.3653035968064381,1
128,205,0.31608897597541163,0.026290571762211203,0.26456040218851196,0.3676175497623113,1
128,206,0.3482317746840443,0.024172184589608896,0.3008551634607568,0.3956083859073318,1
128,207,0.2968559680639277,0.02481477916696934,0.248219894612353,0.34549204151550245,1
128,208,0.2982925604536064,0.026451870814489787,0.24644784633350025,0.3501372745737126,1
128,209,0.37317754143064497,0.027400506635513557,0.31947353526688765,0.4268815475944023,1
128,210,0.3556598961561973,0.026642849803833687,0.30344087009517323,0.4078789222172214,1
128,211,0.3037674534221033,0.026513448560141328,0.251802049138271,0.35573285770593566,1
128,212,0.34455659037956243,0.026748049141331734,0.2921313774058447,0.39698180335328015,1
128,213,0.3668486253416518,0.027221999684539228,0.3134944863727942,0.4202027643105094,1
128,214,0.3610536748836217,0.027163980507932357,0.30781325141132626,0.4142940983559172,1
128,215,0.2969601676107391,0.024787395710351243,0.24837776474790807,0.3455425704735702,1
128,216,0.3439449115780142,0.02480366972317788,0.29533061223615903,0.3925592109198694,1
128,217,0.3585771557033397,0.026870605420209002,0.3059117368369433,0.4112425745697361,1
128,218,0.3130035308489331,0.025842588986785982,0.26235298716756117,0.36365407453030507,1
128,219,0.3435611913026447,0.027030154123135,0.2905830627247332,0.39653931988055613,1
128,220,0.34163153865383855,0.025672533024465195,0.2913142985339716,0.3919487787737055,1
128,221,0.2733176090438913,0.025542522036066412,0.22325518577888046,0.32338003230890217,0
128,222,0.3493693280202901,0.024535170049890434,0.30128127836793905,0.3974573776726411,1
128,223,0.3267708862608677,0.025709604890178532,0.27638098661936294,0.37716078590237245,1
128,224,0.3336266227908884,0.028122274655128312,0.27850797730349336,0.38874526827828343,1
128,225,0.356265413180228,0.026734382864063988,0.30386698561775777,0.4086638407426982,1
128,226,0.37307494647834116,0.026848807326265357,0.32045225109100595,0.4256976418656764,1
128,227,0.359163720571704,0.02724041942883556,0.3057734795674211,0.41255396157598684,1
128,228,0.33888618557617656,0.02574483663901845,0.28842723297583317,0.38934513817651994,1
128,229,0.29093494550751015,0.02641279336263208,0.23916682178565268,0.3427030692293676,1
128,230,0.35299921268572065,0.027450389991884303,0.2991974369400487,0.4068009884313926,1
128,231,0.32424620330878334,0.027217742432023066,0.2709004084015305,0.3775919982160362,1
128,232,0.3473731678895699,0.027067154507191365,0.29432251989149383,0.400423815887646,1
128,233,0.29987488508040905,0.024772478702139934,0.25132171901642925,0.34842805114438885,1
128,234,0.3396155215925241,0.0257291293908663,0.2891873546328552,0.390043688552193,1
128,235,0.3537991996725934,0.02699259921516574,0.3008946773617444,0.40670372198344235,1
128,236,0.3492895214711194,0.027857984484388164,0.294688875199843,0.40389016774239583,1
128,237,0.2944109766525843,0.022980951040031162,0.24936914028364493,0.3394528130215237,1
128,238,0.3614858107294924,0.027525292075786165,0.30753722959700575,0.415434391861979,1
128,239,0.3631919979573718,0.02722847197435147,0.3098251735335847,0.4165588223811589,1
128,240,0.3060132187500787,0.025370768638398853,0.2562874259587187,0.3557390115414387,1
128,241,0.30535663152054504,0.025518463616684296,0.2553413618910481,0.35537190115004197,1
128,242,0.3168169733849101,0.026549610828317825,0.26478069235785257,0.36885325441196765,1
128,243,0.32283501357981026,0.02729376014361477,0.26934022669565055,0.37632980046396997,1
128,244,0.27931520553044487,0.024676867742838008,0.23094943350322417,0.32768097755766556,0
128,245,0.35759055968529924,0.028448025750332437,0.3018334537833796,0.41334766558721886,1
128,246,0.3419752521637995,0.028114640470008855,0.2868715694042899,0.3970789349233091,1
128,247,0.2989777117298046,0.02619759025278601,0.24763137835260646,0.3503240451070027,1
128,248,0.34370667346811357,0.02655531725613157,0.29165920804806067,0.39575413888816646,1
128,249,0.3834355881311102,0.028150529170878465,0.3282615648104443,0.4386096114517762,1
128,250,0.3745559698527927,0.02617451171019413,0.32325486958789035,0.4258570701176951,1
128,251,0.36883196888522674,0.027489101667005224,0.31495431965053655,0.4227096181199169,1
128,252,0.3133116008969918,0.026267649366891382,0.26182795417935834,0.36479524761462523,1
128,253,0.3554938995997647,0.026808420032570605,0.3029503618535042,0.40803743734602516,1
128,254,0.33946378715376613,0.02604196282389119,0.28842247793220843,0.3905050963753238,1
128,255,0.2940713640326142,0.02535183277493212,0.24438268485166512,0.3437600432135633,1
128,256,0.331691409215473,0.02623483723947239,0.2802720730858369,0.38311074534510914,1
128,257,0.3021587125168189,0.024684575595544427,0.2537778333758955,0.35053959165774234,1
128,258,0.32311068553923217,0.026204772438946564,0.2717502753358291,0.37447109574263526,1
128,259,0.35954479077011714,0.027489416768967673,0.3056665239469291,0.41342305759330517,1
128,260,0.3373868116913188,0.026942347078749675,0.2845807817579915,0.39019284162464607,1
128,261,0.3528901413526561,0.02958923129109608,0.2948963136918822,0.41088396901343005,1
128,262,0.32961997246663965,0.02539211916319618,0.2798523334156258,0.3793876115176535,1
128,263,0.339116074187063,0.02635479149112491,0.28746163204439557,0.3907705163297305,1
128,264,0.3430645215588217,0.02671090744547473,0.2907121049713085,0.39541693814633494,1
128,265,0.3561287528914002,0.02620387278452213,0.30477010597826754,0.4074873998045329,1
128,266,0.35053665855116173,0.026884092704987227,0.2978448050923508,0.4032285120099727,1
128,267,0.3143595899147381,0.025128616723579682,0.26510840615521103,0.3636107736742652,1
128,268,0.30639171920370345,0.02614672805692209,0.2551450738985732,0.3576383645088337,1
128,269,0.31478050809401753,0.027348297514200502,0.26117882992769825,0.3683821862603368,1
128,270,0.3456531177344479,0.02795997191910182,0.2908525797642571,0.4004536557046387,1
128,271,0.3352067088705426,0.026081985178760852,0.2840869572748639,0.3863264604662213,1
128,272,0.31509701499925113,0.026579775156105028,0.2630016129761128,0.3671924170223895,1
128,273,0.35273212517376573,0.02645175767078593,0.3008876328112442,0.40457661753628726,1
128,274,0.32727559157568187,0.027920419785618607,0.27255257436262986,0.3819986087887339,1
128,275,0.3158642391033142,0.026038634075662946,0.2648294541083974,0.36689902409823094,1
128,276,0.2939293138796893,0.02461530473595977,0.24568420312872993,0.3421744246306487,1
128,277,0.35517430975988806,0.025808448785027877,0.3045906796443869,0.4057579398753892,1
128,278,0.331731706218231,0.026571703579678904,0.27965212419418634,0.38381128824227567,1
128,279,0.35089394780730465,0.02416010634818414,0.3035410095022062,0.3982468861124031,1
128,280,0.33928504435784745,0.026877937214621526,0.28660525543846044,0.39196483327723447,1
128,281,0.3342016686698709,0.026891910061291564,0.2814944934742491,0.3869088438654927,1
128,282,0.3537098127230053,0.024956907305267523,0.3047951732391764,0.4026244522068342,1
128,283,0.3362910887959578,0.02596340029658187,0.2854037592984608,0.38717841829345484,1
128,284,0.33046883166026464,0.02643455569927491,0.2786580545423678,0.3822796087781615,1
128,285,0.3188170161259911,0.025040073852094575,0.2697393732056626,0.3678946590463196,1
128,286,0.32258387835849145,0.025734789755683975,0.27214461728764056,0.37302313942934234,1
128,287,0.3369534321271873,0.02546000525093172,0.2870527387891605,0.38685412546521414,1
128,288,0.3021396318709343,0.02283261280535115,0.257388533099498,0.3468907306423706,1
128,289,0.3248459569228437,0.025334285992955754,0.27519166880261287,0.3745002450430745,1
128,290,0.34024780196708515,0.02766464322468363,0.28602609760155523,0.39446950633261507,1
128,291,0.3298278619116798,0.026752991168770477,0.2773929627421715,0.38226276108118806,1
128,292,0.3125764637970662,0.026473790113186048,0.260688788640949,0.3644641389531834,1
128,293,0.2701697516696917,0.02178140445327746,0.22747898340856754,0.3128605199308159,0
128,294,0.340175741834022,0.027005125087307163,0.2872466692649009,0.3931048144031431,1
128,295,0.351180136734218,0.025273467270922664,0.3016450511187578,0.4007152223496782,1
128,296,0.332874905514996,0.02700083024660285,0.27995425067897467,0.3857955603510173,1
128,297,0.3579643027280919,0.024444460417253115,0.31005404068876086,0.4058745647674229,1
128,298,0.31924784744650403,0.026158274036936716,0.2679785724363789,0.37051712245662916,1
128,299,0.3417184524670709,0.028199147018407443,0.28644913991624227,0.3969877650178995,1
128,300,0.36635649737096343,0.02522020641706252,0.31692580111085494,0.4157871936310719,1
128,301,0.34529029070614237,0.02868408559867494,0.2890705160032755,0.40151006540900924,1
128,302,0.3097879620771533,0.02307114823622469,0.2645693424521681,0.3550065817021385,1
128,303,0.32599139597896803,0.026153431491580007,0.2747316121833356,0.3772511797746005,1
128,304,0.37068774965998375,0.028162522911710494,0.3154902190392471,0.42588528028072037,1
128,305,0.31340495219924414,0.024806777060934405,0.2647845625872983,0.36202534181118995,1
128,306,0.3034805587972567,0.025147350665218154,0.25419265718682976,0.35276846040768367,1
128,307,0.3124073733678387,0.024832257621165553,0.26373704277553395,0.36107770396014344,1
128,308,0.2931131546261535,0.025167436218774188,0.2437858860541472,0.3424404231981598,1
128,309,0.3400563902233134,0.026920042993070423,0.28729407549462554,0.3928187049520013,1
128,310,0.3004981854222196,0.025471972161676314,0.2505740373701272,0.35042233347431206,1
128,311,0.3470299436286948,0.02757011153252787,0.2929935179751878,0.40106636928220185,1
128,312,0.33469419889621965,0.02580248895139236,0.28412224983999795,0.38526614795244135,1
128,313,0.3919036952768843,0.028029487029531275,0.33696691019387043,0.44684048035989815,0
128,314,0.32809148403635274,0.02617160195676361,0.2767960867833781,0.3793868812893274,1
128,315,0.3678980794852795,0.02816823839976907,0.312689346713794,0.42310681225676505,1
128,316,0.2969067809861653,0.027064307726018866,0.2438617125766592,0.34995184939567137,1
128,317,0.30897200410937753,0.026256941576042796,0.2575093442761613,0.36043466394259377,1
128,318,0.34894750484742215,0.026371365049774463,0.2972605791267059,0.4006344305681384,1
128,319,0.2913044904526714,0.02432637961443139,0.24362566253413653,0.3389833183712063,1
128,320,0.32288551882930744,0.026770976035787743,0.2704153699681786,0.37535566769043627,1
128,321,0.33177755827594824,0.026693807280345448,0.27945865739621806,0.3840964591556784,1
128,322,0.3217572736187876,0.026820832384571176,0.26918940810964254,0.37432513912793264,1
128,323,0.3657361057951873,0.026232505708321217,0.31432133938263634,0.4171508722077382,1
128,324,0.32350638478191607,0.0267861223674302,0.27100654965627013,0.376006219907562,1
128,325,0.3128005971518617,0.02631155339776978,0.26123090011493044,0.36437029418879296,1
128,326,0.3022338681275116,0.025987884495039394,0.2512985504828475,0.35316918577217565,1
128,327,0.3031117055198249,0.025727316390162368,0.2526870919762397,0.35353631906341015,1
128,328,0.29904023712036143,0.02466423573884239,0.2506992233660247,0.3473812508746982,1
128,329,0.31832653384897364,0.024029753906184746,0.27122908163549087,0.3654239860624564,1
128,330,0.30218122073531506,0.02593168292916581,0.25135605613563794,0.3530063853349922,1
128,331,0.38231574374624244,0.02663192707907296,0.33011812583236244,0.43451336166012244,1
128,332,0.2988154593248986,0.025459006457739623,0.2489167235855563,0.34871419506424095,1
128,333,0.2791196975288747,0.02467540843482987,0.23075678569279232,0.3274826093649571,0
128,334,0.343605315697209,0.027156662892372938,0.2903792344878627,0.3968313969065553,1
128,335,0.3325500361826239,0.026853986146347833,0.27991719049444463,0.3851828818708032,1
128,336,0.2992392780485868,0.024968240013938624,0.25030242686391524,0.34817612923325836,1
128,337,0.3257359649954399,0.02552177963078627,0.27571419609773085,0.3757577338931489,1
128,338,0.31872132618978205,0.026641878914119194,0.26650420303763134,0.37093844934193276,1
128,339,0.31981569650769975,0.027529687114003838,0.26585850125859584,0.37377289175680367,1
128,340,0.37786755804601735,0.028110124906983815,0.3227727256274068,0.4329623904646279,1
128,341,0.35219716630706305,0.02576588992180254,0.3016969500307065,0.4026973825834196,1
128,342,0.3716077231144315,0.02663661089432148,0.3194009250913542,0.42381452113750884,1
128,343,0.33836040544519275,0.02638386625595299,0.2866489778106033,0.3900718330797822,1
128,344,0.3717553760033777,0.02524989053714619,0.32226649993699247,0.42124425206976296,1
128,345,0.2824694596309629,0.02352971041193032,0.2363520746569224,0.3285868446050035,0
128,346,0.3178527422427234,0.027392513375819102,0.2641644025800863,0.37154108190536056,1
128,347,0.3673294757297465,0.02857400331583812,0.3113254583365757,0.4233334931229173,1
128,348,0.28951988973660414,0.023964849087922898,0.2425496486293377,0.3364901308438706,1
128,349,0.3026945893149885,0.02445960031157553,0.25475465362805577,0.3506345250019212,1
128,350,0.35008655862327753,0.027214074815936882,0.29674795211146276,0.4034251651350923,1
128,351,0.3085184689172098,0.024473688866615145,0.26055092016980524,0.35648601766461435,1
128,352,0.3507220390836234,0.027137016183937265,0.2975344647152258,0.40390961345202103,1
128,353,0.3014928904145734,0.0250091025827989,0.25247595006661994,0.35050983076252684,1
128,354,0.35616392897015825,0.025157423385404845,0.30685628519093905,0.40547157274937745,1
128,355,0.3406359367828404,0.026990592667717587,0.28773534723272304,0.3935365263329577,1
128,356,0.30708233710544336,0.026010128366954387,0.25610342227294913,0.3580612519379376,1
128,357,0.3332171257536794,0.027560854426124017,0.279198843695325,0.3872354078120338,1
128,358,0.3289661073273409,0.026768989755677305,0.2764998515036917,0.38143236315099005,1
128,359,0.3239070612471504,0.026155291528119344,0.2726436318468909,0.3751704906474099,1
128,360,0.29340374931961,0.025156636881612626,0.24409764705949724,0.3427098515797227,1
128,361,0.2942066865389611,0.025121394106542266,0.24496965884870148,0.3434437142292207,1
128,362,0.34882270397545617,0.02745102352997363,0.2950196865179463,0.40262572143296604,1
128,363,0.3479059024451861,0.024357542681406726,0.30016599603773175,0.39564580885264045,1
128,364,0.36757585418161076,0.028087793933911566,0.3125247896659615,0.42262691869726005,1
128,365,0.3469670931818102,0.027303447969669953,0.29345331850749384,0.4004808678561265,1
128,366,0.3447450106482547,0.026794609418046733,0.2922285412090654,0.397261480087444,1
128,367,0.34810881072337474,0.027660829543611102,0.2938945810353955,0.40232304041135397,1
128,368,0.37058546385248664,0.028005498036471583,0.31569569633189515,0.42547523137307813,1
128,369,0.3089055696308978,0.02427045530007915,0.26133635135435346,0.3564747879074422,1
128,370,0.31355854805899375,0.025664915060339022,0.26325623887444966,0.36386085724353784,1
128,371,0.3128717661734699,0.025476977718201038,0.2629378074108664,0.3628057249360734,1
128,372,0.34766901347206824,0.02729628247638416,0.2941692829065235,0.401168744037613,1
128,373,0.30550617615009173,0.024950995195110112,0.25660312418924397,0.3544092281109395,1
128,374,0.3309309283527504,0.02662912831637091,0.2787387959129677,0.3831230607925331,1
128,375,0.3603935765971089,0.026108308773515908,0.3092222317037666,0.4115649214904512,1
128,376,0.34421279599612803,0.027892909604884393,0.2895436977465233,0.3988818942457328,1
128,377,0.33797959607435646,0.026889779003236244,0.28527659767577207,0.39068259447294085,1
128,378,0.38590241068042624,0.02850612560056253,0.33003143116454847,0.441773390196304,1
128,379,0.2492918012475158,0.023737636270351848,0.20276688907951448,0.2958167134155171,0
128,380,0.342967133678753,0.02855628713727252,0.28699783935751444,0.3989364279999915,1
128,381,0.33222881382298197,0.028300779333309104,0.27676030559528064,0.3876973220506833,1
128,382,0.3372255624095859,0.027356300464319326,0.2836081987492637,0.3908429260699081,1
128,383,0.36336828280453404,0.028620958517126923,0.30727223490795036,0.4194643307011177,1
128,384,0.320635538527161,0.02418825103333833,0.2732274376528041,0.36804363940151785,1
128,385,0.33181834755242157,0.027426977428665063,0.2780624595874451,0.38557423551739806,1
128,386,0.3735857481085263,0.02693023982119524,0.32080344796395727,0.4263680482530953,1
128,387,0.3577965953588846,0.027540392690146603,0.30381841756610706,0.4117747731516621,1
128,388,0.3193460340567094,0.026670429032601063,0.26707295370057993,0.3716191144128389,1
128,389,0.3362173574941726,0.02497923963632592,0.2872589474457784,0.38517576754256677,1
128,390,0.3257496888202287,0.024892658066779916,0.27696097552986965,0.37453840211058775,1
128,391,0.33709076163904117,0.025841721390297986,0.2864419184155388,0.38773960486254355,1
128,392,0.3491160819177941,0.027248750337688976,0.2957095126322001,0.4025226512033881,1
128,393,0.30095099729012253,0.024481300381859382,0.25296853024697147,0.3489334643332736,1
128,394,0.3501222011807428,0.02660650017810874,0.2979744190769911,0.4022699832844944,1
128,395,0.30442746596424936,0.026402240767373703,0.25268002494904174,0.356174906979457,1
128,396,0.36287118403602825,0.027442979072335727,0.3090839334257638,0.4166584346462927,1
128,397,0.35296885071200174,0.02851975480015991,0.29707115845577503,0.40886654296822844,1
128,398,0.27344222438605237,0.02398297596924887,0.226436455244235,0.32044799352786973,0
128,399,0.34188260602865583,0.027356596921502496,0.28826466132293166,0.39550055073438,1
512,0,0.34742735129607616,0.013431699915543025,0.32110170321046216,0.37375299938169015,1
512,1,0.34189540064074736,0.013757147855580283,0.3149318863138176,0.36885891496767714,1
512,2,0.31712925477289516,0.012623023310660317,0.29238858370799137,0.34186992583779896,1
512,3,0.33375047096310567,0.012967024268282584,0.308335570410615,0.35916537151559635,1
512,4,0.3209193980690112,0.013006004667397004,0.29542809733815323,0.3464106987998692,1
512,5,0.3300763037038627,0.013290708383133558,0.3040269939438964,0.35612561346382904,1
512,6,0.3410454520266267,0.013560453486771939,0.3144674515785231,0.36762345247473033,1
512,7,0.3183277849038257,0.012904135451353943,0.2930361441675454,0.34361942564010595,1
512,8,0.319841650134731,0.012884331540330012,0.2945888243508107,0.3450944759186513,1
512,9,0.31347799999969655,0.01278948207718892,0.28841107574748576,0.33854492425190735,1
512,10,0.33831059795539786,0.013161580949206608,0.31251437331534443,0.3641068225954513,1
512,11,0.3374498603141134,0.013243391038056595,0.311493290846342,0.3634064297818848,1
512,12,0.34494059664396604,0.01296171426781996,0.31953610350114,0.3703450897867921,1
512,13,0.3259681228142993,0.01297368209374976,0.3005401731636776,0.35139607246492105,1
512,14,0.3462270465791174,0.013486124837090894,0.3197947276074082,0.3726593655508266,1
512,15,0.32662475929627943,0.012746315306931941,0.3016424403591012,0.35160707823345766,1
512,16,0.32791645522251495,0.013112170026925135,0.3022170742105761,0.3536158362344538,1
512,17,0.3386284858783825,0.013536019026370402,0.3120983760926476,0.3651585956641174,1
512,18,0.36730130321070975,0.013615163819540267,0.34061607248079806,0.39398653394062144,0
512,19,0.33923680676506335,0.013010721436849303,0.3137362613359555,0.3647373521941712,1
512,20,0.34196864923114745,0.013624307732772763,0.31526549676062227,0.36867180170167263,1
512,21,0.32086287484720954,0.01260291812149719,0.29616160922896784,0.34556414046545125,1
512,22,0.33770004230810413,0.012992355549185021,0.3122354933573624,0.36316459125884587,1
512,23,0.3098813329857705,0.012592594126808123,0.28520030202529595,0.334562363946245,1
512,24,0.3350200486670204,0.013408806647708113,0.30873927056185124,0.36130082677218955,1
512,25,0.32163900225441555,0.013104236357720582,0.29595517094838286,0.34732283356044824,1
512,26,0.3070800011686815,0.012935026007478633,0.28172781605493447,0.33243218628242854,0
512,27,0.32342945685119123,0.012591367837668782,0.29875082937326447,0.348108084329118,1
512,28,0.3458457924862803,0.013045340959448376,0.3202773940397163,0.3714141909328443,1
512,29,0.3299604756911946,0.012973332872376613,0.30453321050188686,0.3553877408805023,1
512,30,0.33227770001286805,0.013306065773422408,0.306198290321039,0.3583571097046971,1
512,31,0.31821869586478146,0.012642974426648182,0.2934389213310901,0.3429984703984728,1
512,32,0.3421415775568191,0.013829259730309665,0.3150367265525621,0.36924642856107615,1
512,33,0.3372697421747775,0.012830560903003187,0.31212230490344356,0.36241717944611146,1
512,34,0.32525295380758984,0.013094844539963454,0.2995875301261105,0.3509183774890692,1
512,35,0.3128198713804159,0.012836495314388293,0.2876608028764977,0.3379789398843341,1
512,36,0.31486638042393955,0.012379255446409422,0.29060348559355575,0.33912927525432335,1
512,37,0.33412032285602655,0.013163348311246518,0.30832063425002726,0.35992001146202585,1
512,38,0.33353608246087874,0.01313034039523442,0.30780108818146784,0.35927107674028963,1
512,39,0.34034376026303986,0.013056063968934675,0.31475434510407685,0.3659331754220029,1
512,40,0.33291528524925,0.013073241689404193,0.30729220237683025,0.3585383681216698,1
512,41,0.3319567143132104,0.013179899937307483,0.306124585116246,0.35778884351017476,1
512,42,0.33551333107945897,0.012945789392251418,0.31014005011920553,0.3608866120397124,1
512,43,0.3208121117825081,0.013183830353903617,0.2949722791105711,0.34665194445444514,1
512,44,0.30657100695809114,0.012898112491791389,0.28129117100563383,0.33185084291054845,0
512,45,0.3289240398494029,0.01364185590692956,0.302186493589536,0.3556615861092698,1
512,46,0.3406419046095409,0.01320837590578397,0.31475396353993773,0.3665298456791441,1
512,47,0.31529091338141924,0.012747765468076072,0.29030575218062676,0.3402760745822117,1
512,48,0.3359212082876504,0.012892219766392935,0.31065292186474486,0.3611894947105559,1
512,49,0.3135677688235827,0.012936188090366861,0.2882133060692277,0.33892223157793777,1
512,50,0.33633988216814054,0.01323640392688321,0.3103970071866249,0.3622827571496562,1
512,51,0.3254549368637575,0.01311628961872209,0.2997474816002656,0.35116239212724937,1
512,52,0.3459161565510086,0.013488230490396833,0.3194797105746558,0.3723526025273614,1
512,53,0.3310409933759007,0.01331315875531179,0.3049476816950255,0.3571343050567759,1
512,54,0.3564749006153701,0.013890388156603343,0.3292502400971459,0.3836995611335944,1
512,55,0.3433392548732232,0.012874975147561354,0.3181047672821547,0.3685737424642917,1
512,56,0.30906416460871355,0.01269574386726797,0.2841809638719231,0.333947365345504,1
512,57,0.32276357816594925,0.013396779537929832,0.29650637276278363,0.34902078356911487,1
512,58,0.32641437076882807,0.013428455157441083,0.3000950822922324,0.3527336592454237,1
512,59,0.3163171201869924,0.013573802300308007,0.28971295654512175,0.342921283828863,1
512,60,0.30997473739517445,0.012648472879631877,0.28518418609166435,0.33476528869868455,1
512,61,0.37147750491526477,0.013504422451875919,0.3450093232775739,0.39794568655295565,0
512,62,0.34348391188252037,0.013787507938348357,0.3164608928867975,0.3705069308782432,1
512,63,0.33024739351865734,0.013185256329515838,0.3044047659858775,0.35609002105143717,1
512,64,0.33704801471273105,0.013567796830370429,0.3104556215756483,0.3636404078498138,1
512,65,0.3659674882756482,0.01386958391046566,0.3387836033305793,0.3931513732207171,0
512,66,0.32538275181924337,0.01310558063777323,0.2996962857727224,0.35106921786576434,1
512,67,0.34559246970424656,0.012851235626287963,0.32040451071988413,0.370780428688609,1
512,68,0.33260156937677765,0.012914472425026056,0.30728966854439094,0.35791347020916436,1
512,69,0.34947229392631673,0.013291209418898683,0.3234220021542958,0.3755225856983377,1
512,70,0.353429164692835,0.013463280976662922,0.3270416188648324,0.37981671052083754,1
512,71,0.32398359286670264,0.012991785859782319,0.29852016048667257,0.3494470252467327,1
512,72,0.3199389911180852,0.012953344119676158,0.29455090316416627,0.34532707907200416,1
512,73,0.32911392753496777,0.013048731154221508,0.3035388844287478,0.3546889706411877,1
512,74,0.3441732739994594,0.013258488327140466,0.3181871143888194,0.3701594336100994,1
512,75,0.3348033502244459,0.01284042966871211,0.3096365705277506,0.3599701299211412,1
512,76,0.34873183278259423,0.013828505045771702,0.3216284609328513,0.37583520463233716,1
512,77,0.30600440173694543,0.012590249574834947,0.2813279660138982,0.33068083745999266,0
512,78,0.3571267295645843,0.0132125338129825,0.33123063914662093,0.38302281998254767,1
512,79,0.32333701425924416,0.012555330499259793,0.29872901866669765,0.34794500985179067,1
512,80,0.3253939581479617,0.013424383386126152,0.29908265019649655,0.3517052660994268,1
512,81,0.33705053946639807,0.01310921544948345,0.3113569493198345,0.36274412961296165,1
512,82,0.34289373616997376,0.013552117569357765,0.31633207381978007,0.36945539852016746,1
512,83,0.30895856282577683,0.012775289583508246,0.28391945535003094,0.3339976703015227,1
512,84,0.3463575211728405,0.013608001040367577,0.31968632923213647,0.3730287131135446,1
512,85,0.31856044801308037,0.01317421223638025,0.2927394665050882,0.34438142952107254,1
512,86,0.3130580455303269,0.013003919061578665,0.2875708325117588,0.338545258548895,1
512,87,0.3141549701715976,0.01284659905197567,0.2889760987058989,0.3393338416372963,1
512,88,0.301144181555609,0.012751091916906598,0.2761525006349123,0.3261358624763057,0
512,89,0.33002198523908616,0.013524942948619017,0.30351358416683394,0.3565303863113384,1
512,90,0.33663154880800283,0.012944171301984836,0.3112614392463956,0.36200165836961007,1
512,91,0.3420451540582245,0.01329456854759222,0.31598827851494476,0.36810202960150423,1
512,92,0.3165051105559079,0.012694301891447622,0.2916247360397919,0.34138548507202393,1
512,93,0.32351298742647516,0.012829327275607127,0.2983679680204078,0.3486580068325425,1
512,94,0.3367477657056104,0.013237091905313388,0.3108035423111495,0.3626919891000713,1
512,95,0.34266675112482303,0.013696725402086862,0.3158216626305979,0.36951183961904815,1
512,96,0.3353558279289671,0.013134562025033778,0.30961255940719346,0.3610990964507408,1
512,97,0.32328579667381674,0.012802148759441353,0.29819404618058754,0.34837754716704594,1
512,98,0.360080956695574,0.013977029179758089,0.33268648289238273,0.38747543049876526,1
512,99,0.30159385558689267,0.013257256826073436,0.27561010967399097,0.32757760149979437,0
512,100,0.3371346869217817,0.013256299261014898,0.3111528178019076,0.3631165560416558,1
512,101,0.33297627949141917,0.013441255887385938,0.3066319020451558,0.35932065693768256,1
512,102,0.3437903497455197,0.01341422046879855,0.31749896074599454,0.37008173874504485,1
512,103,0.3403881079284495,0.01309270121226143,0.3147268850920732,0.36604933076482576,1
512,104,0.35649205505316856,0.013765502298744167,0.32951216631852664,0.38347194378781047,1
512,105,0.3275381019687909,0.0133979045698753,0.3012786915435307,0.3537975123940511,1
512,106,0.34832247617573314,0.013592399697989694,0.32168186230420026,0.374963090047266,1
512,107,0.3392973276329857,0.013643774211042587,0.31255602156614587,0.36603863369982553,1
512,108,0.33553093725248917,0.013277488006484359,0.3095075389546173,0.36155433555036104,1
512,109,0.328857252019382,0.012808431339648596,0.3037531878952166,0.35396131614354737,1
512,110,0.33662862770759555,0.01307962900593347,0.31099302592482053,0.36226422949037057,1
512,111,0.34205296750669006,0.013333678638215126,0.31591943759435737,0.36818649741902276,1
512,112,0.3453872034078024,0.012976178573476937,0.31995436074682726,0.3708200460687775,1
512,113,0.33062452515982793,0.012973226893847502,0.3051974676846204,0.35605158263503545,1
512,114,0.31714744405694045,0.012729419118291087,0.2921982410409743,0.3420966470729066,1
512,115,0.35203050760290994,0.01341931762484574,0.32572912836110873,0.37833188684471114,1
512,116,0.3302432150268045,0.012955939415258258,0.30485004038701535,0.3556363896665936,1
512,117,0.33360932577711044,0.013121030924130495,0.3078925777257784,0.3593260738284425,1
512,118,0.3351664301626779,0.013313796642775037,0.30907186824534855,0.3612609920800072,1
512,119,0.3441345760648582,0.012943844415926649,0.3187651071881521,0.3695040449415643,1
512,120,0.3149119296916716,0.0133261519992431,0.2887931517206487,0.3410307076626945,1
512,121,0.33101081172037294,0.012972756388940894,0.30558467641783693,0.35643694702290896,1
512,122,0.3219662081927336,0.013378149751583407,0.29574551649984665,0.3481868998856205,1
512,123,0.34102239701673964,0.013401471796966479,0.31475599495485607,0.3672887990786232,1
512,124,0.36079670742890346,0.01334195350999714,0.3346469590659013,0.3869464557919056,0
512,125,0.32256628130410814,0.012856643297475608,0.29736772347897766,0.3477648391292386,1
512,126,0.3535738370164675,0.013693243186825035,0.32673557353874194,0.38041210049419305,1
512,127,0.3301600282299133,0.013061728774492212,0.3045595102560781,0.35576054620374853,1
512,128,0.33772665773899085,0.01338502252767019,0.31149249565250003,0.3639608198254817,1
512,129,0.3495510613560997,0.013566899679433767,0.32296042660254154,0.37614169610965786,1
512,130,0.31850839032379097,0.012870466638693229,0.29328273924772796,0.343734041399854,1
512,131,0.348724362969849,0.013338097373411604,0.32258217249567395,0.37486655344402403,1
512,132,0.355022424199622,0.013892440033216087,0.327793742077136,0.38225110632210796,1
512,133,0.31838655346493433,0.01298066821384178,0.29294491127054056,0.3438281956593281,1
512,134,0.3388649251302348,0.013281837403663135,0.3128330021705381,0.3648968480899315,1
512,135,0.335630831864839,0.013299635913848402,0.3095640244662007,0.3616976392634773,1
512,136,0.33815672030907407,0.013430751869325417,0.3118329303599022,0.3644805102582459,1
512,137,0.3160511166461641,0.012683928824578299,0.29119107296752117,0.340911160324807,1
512,138,0.32331661254566957,0.013039175466488839,0.2977602982432532,0.34887292684808596,1
512,139,0.33576966554552024,0.012871932513354502,0.3105411414079153,0.3609981896831252,1
512,140,0.32408118832990174,0.01314382020237741,0.29831977411397204,0.34984260254583144,1
512,141,0.322128451373064,0.013019484997407235,0.29661072968088625,0.34764617306524176,1
512,142,0.3409615707414275,0.012903703795079347,0.3156707760358992,0.36625236544695583,1
512,143,0.3285754677296091,0.013016919222724308,0.30306277486340233,0.3540881605958159,1
512,144,0.3278208692095196,0.01347132636310858,0.3014175547138418,0.35422418370519737,1
512,145,0.32148285109013763,0.012875295285686336,0.2962477360398741,0.3467179661404012,1
512,146,0.3379272883273924,0.013177696480039162,0.3120994778273154,0.36375509882746937,1
512,147,0.33367104886072874,0.013256823543451292,0.3076881521661615,0.35965394555529595,1
512,148,0.32738338192338445,0.013347139783777946,0.30122346865055794,0.35354329519621097,1
512,149,0.32910628124111996,0.012870683095300154,0.30388020591790316,0.35433235656433676,1
512,150,0.3478315239358196,0.013345503869603018,0.32167481699585776,0.3739882308757815,1
512,151,0.31917874685629327,0.012774554035301911,0.2941410810285407,0.34421641268404585,1
512,152,0.3552271911318028,0.013626256806774574,0.3285202185464309,0.3819341637171747,1
512,153,0.344026767060977,0.013099393151153804,0.3183524282653849,0.3697011058565691,1
512,154,0.3404202137176556,0.013487213460973231,0.3139857610823442,0.36685466635296693,1
512,155,0.32591915014973455,0.013131237642403265,0.3001823972981875,0.3516559030012816,1
512,156,0.32639043232502624,0.01308187283394834,0.30075043272015456,0.3520304319298979,1
512,157,0.333893415490222,0.012919826603437058,0.3085710206609829,0.3592158103194611,1
512,158,0.3125305751542291,0.012723266584454988,0.2875934308829954,0.33746771942546283,1
512,159,0.3284716432194542,0.013223877473648376,0.3025533196351329,0.35438996680377555,1
512,160,0.33953253298743047,0.013198250533877614,0.3136644372820938,0.3654006286927671,1
512,161,0.35452351172264795,0.013820773232917178,0.3274352939476351,0.3816117294976608,1
512,162,0.3328262369733762,0.013323061193716904,0.30671351686986786,0.35893895707688456,1
512,163,0.33655596042048275,0.01314836661908451,0.31078563539154846,0.36232628544941703,1
512,164,0.3195572581583689,0.013046664722416038,0.2939862651840642,0.3451282511326736,1
512,165,0.3281980340340419,0.013203339394190876,0.3023199643457689,0.3540761037223149,1
512,166,0.3215054591631683,0.013094923292072184,0.29583988113039217,0.34717103719594444,1
512,167,0.3413875684473643,0.013452552328592379,0.3150210503831828,0.3677540865115458,1
512,168,0.3251704096786274,0.013129495641596926,0.2994370710859218,0.350903748271333,1
512,169,0.33114173054627394,0.012916571356524742,0.3058257158837438,0.3564577452088041,1
512,170,0.31592620130585614,0.012964156517249035,0.29051692144210783,0.34133548116960444,1
512,171,0.32347624767389044,0.012449567966702137,0.2990755428360707,0.3478769525117102,1
512,172,0.31741429468879984,0.012971283901558602,0.2919910454085008,0.3428375439690989,1
512,173,0.3263346454075749,0.013327856264446502,0.30021252713813323,0.35245676367701656,1
512,174,0.3377054592799109,0.013006163752833132,0.31221384674732766,0.36319707181249417,1
512,175,0.3232676774842589,0.01308363230744852,0.2976242293746951,0.34891112559382265,1
512,176,0.3402697201507859,0.013317793338161922,0.31416732485444104,0.3663721154471307,1
512,177,0.32723478931762073,0.013141368900163482,0.3014781795657456,0.3529913990694959,1
512,178,0.32633379958412984,0.013088486113286052,0.3006808381899365,0.35198676097832315,1
512,179,0.32326946422193936,0.012925067305150804,0.2979367978060876,0.3486021306377911,1
512,180,0.325364443046245,0.012730639232056331,0.30041284865124196,0.35031603744124806,1
512,181,0.32719519452634865,0.013228109780003983,0.3012685757739988,0.3531218132786985,1
512,182,0.32816860611412046,0.01300336797552496,0.30268247320437003,0.3536547390238709,1
512,183,0.33208342965985055,0.013408014059632583,0.30580420499876404,0.35836265432093706,1
512,184,0.33915771252568805,0.013346794567948012,0.31299847586345514,0.36531694918792096,1
512,185,0.33349174340059834,0.013729615779386686,0.30658219095142764,0.36040129584976904,1
512,186,0.33296285556085825,0.012996549431639703,0.30749008675154993,0.3584356243701666,1
512,187,0.34521816489201224,0.01331281846136799,0.31912552017501106,0.3713108096090134,1
512,188,0.3508462720803417,0.013100009910382246,0.32517072445887474,0.37652181970180865,1
512,189,0.3215122140055563,0.01295521379683825,0.29612046155173694,0.34690396645937566,1
512,190,0.3349402975101391,0.013317576750091667,0.30883832671861144,0.36104226830166675,1
512,191,0.3314036348135293,0.012956422839315534,0.30600951267999865,0.35679775694705995,1
512,192,0.34168655026996797,0.013375204699839148,0.3154716307724324,0.36790146976750354,1
512,193,0.3139183835010291,0.012804154677799596,0.28882270148006184,0.3390140655219963,1
512,194,0.35352233926200977,0.013381742786550471,0.32729460534999216,0.37975007317402737,1
512,195,0.326421033727059,0.013130273054357103,0.30068617143334236,0.3521558960207756,1
512,196,0.324717283495059,0.012755701224943083,0.29971656849661715,0.3497179984935009,1
512,197,0.3377031651892405,0.013329547376728737,0.3115777324006318,0.36382859797784917,1
512,198,0.34766954776031556,0.013376411710926527,0.32145226256451975,0.37388683295611136,1
512,199,0.3308427520526254,0.013207159864895214,0.3049571943793679,0.35672830972588293,1
512,200,0.3385164413506596,0.012882314705847489,0.31326756848968784,0.3637653142116314,1
512,201,0.32893264897102054,0.012952167363765298,0.30354686741630543,0.35431843052573564,1
512,202,0.3330172916147438,0.013058130924237252,0.3074238252978301,0.35861075793165753,1
512,203,0.3483197684996455,0.013207267058146531,0.32243400073147604,0.374205536267815,1
512,204,0.34175460504649396,0.013192786483439842,0.31589721868322507,0.36761199140976286,1
512,205,0.3417528350174664,0.013275145738769669,0.3157340274799575,0.3677716425549753,1
512,206,0.32686303114029525,0.013065194369222112,0.3012557207256044,0.3524703415549861,1
512,207,0.33920229882916997,0.013278970565982292,0.3131759947680772,0.3652286028902627,1
512,208,0.3369383612232024,0.013081532134455093,0.31129902937706705,0.3625776930693378,1
512,209,0.31487689292646914,0.013245373458730739,0.28891643798557415,0.34083734786736414,1
512,210,0.3413362839892945,0.01325097762105744,0.3153648450920757,0.3673077228865133,1
512,211,0.31838185641099764,0.013226427814040782,0.29245853425135887,0.3443051785706364,1
512,212,0.3431834242186187,0.013629704561357252,0.3164696941584372,0.3698971542788002,1
512,213,0.3441083922536253,0.013121771131838152,0.3183901934218451,0.36982659108540544,1
512,214,0.32626806196946717,0.01286096269614584,0.30106103827850816,0.3514750856604262,1
512,215,0.3307417381780066,0.013506851571674939,0.3042687955529955,0.3572146808030177,1
512,216,0.3239953074796229,0.0130006232554672,0.29851455412233335,0.34947606083691246,1
512,217,0.34142250929901485,0.013137762664798783,0.3156729676385743,0.36717205095945543,1
512,218,0.32978750181710326,0.013157521925478893,0.3039992327173685,0.355575770916838,1
512,219,0.33573391815524745,0.012922189971677114,0.31040689120937565,0.36106094510111925,1
512,220,0.33903457936324255,0.013177426687384483,0.313207297647052,0.3648618610794331,1
512,221,0.34176891920537605,0.013430575759233936,0.31544547442564086,0.36809236398511125,1
512,222,0.3267163763284139,0.013287321154441131,0.30067370541469207,0.3527590472421357,1
512,223,0.30916496302164054,0.013047559193836385,0.28359221691556674,0.33473770912771433,1
512,224,0.3369835109515761,0.013719548012300006,0.3100936909633,0.3638733309398522,1
512,225,0.3234959968680712,0.012856544384409899,0.2982976329089871,0.34869436082715527,1
512,226,0.36171432354495586,0.01325955942875461,0.33572606461372834,0.3877025824761834,0
512,227,0.33414079978254174,0.01302600150651224,0.3086103059672133,0.3596712935978702,1
512,228,0.31897491381932763,0.01273219110224603,0.29402027781464407,0.3439295498240112,1
512,229,0.3565146862140885,0.012829879343541245,0.3313685847747533,0.3816607876534237,1
512,230,0.34370841923495,0.013289994486186998,0.31766050868728757,0.3697563297826124,1
512,231,0.326094299620035,0.01259870866614878,0.3014012843826707,0.3507873148573993,1
512,232,0.324465763120767,0.012927572426365235,0.2991281867575581,0.34980333948397596,1
512,233,0.3233978031333129,0.013338750004364438,0.29725433352597513,0.34954127274065067,1
512,234,0.3306211958853043,0.013165140876455168,0.30481799391605613,0.3564243978545525,1
512,235,0.34285699185246205,0.013394696719105117,0.3166038686991792,0.36911011500574487,1
512,236,0.33295319538749657,0.012882096062266948,0.3077047510600681,0.358201639714925,1
512,237,0.34988341609864626,0.013469208041774193,0.32348425343649156,0.37628257876080096,1
512,238,0.3112556006477246,0.012817614000705867,0.28613353883860476,0.3363776624568445,1
512,239,0.34607670120431616,0.012979713124612774,0.3206369309504133,0.37151647145821903,1
512,240,0.31891549802017,0.012985394058969396,0.2934645933395296,0.34436640270081037,1
512,241,0.3306193880043369,0.013425345801033873,0.30430619375431445,0.3569325822543593,1
512,242,0.32617628517459607,0.013306954086902469,0.30009513442033914,0.352257435928853,1
512,243,0.3400213104623277,0.012867270077056561,0.31480192453194694,0.36524069639270845,1
512,244,0.3413349827431764,0.013555375683882358,0.314766934605857,0.36790303088049586,1
512,245,0.3355058102678013,0.013392471982413718,0.3092570475183087,0.3617545730172939,1
512,246,0.35203239303864986,0.01303307964781498,0.32648802632129054,0.3775767597560092,1
512,247,0.32693410169830284,0.01330011895958864,0.30086634754741076,0.3530018558491949,1
512,248,0.33894156146261734,0.01318985869173204,0.31308991346564996,0.3647932094595847,1
512,249,0.3307346553669227,0.013450511350637554,0.3043721375460259,0.3570971731878195,1
512,250,0.32917778737470677,0.01312883961477087,0.30344573457095314,0.3549098401784604,1
512,251,0.33031081898880044,0.013113570654744377,0.30460869279678016,0.3560129451808207,1
512,252,0.33121691528335867,0.012791336499646899,0.3061463564299181,0.35628747413679923,1
512,253,0.33354506438163833,0.012920017954516094,0.30822229451117594,0.3588678342521007,1
512,254,0.34933809502921565,0.01344870297755909,0.32297912155442327,0.375697068504008,1
512,255,0.32122399849842637,0.01260776811655069,0.29651322706455463,0.3459347699322981,1
512,256,0.34481937919261296,0.01364127589340994,0.31808296973835504,0.3715557886468709,1
512,257,0.3063240222955143,0.01245360281056707,0.2819154093090361,0.33073263528199254,0
512,258,0.343892496457644,0.013209670374607222,0.31800201827576813,0.3697829746395199,1
512,259,0.3419030547297942,0.012893494448542505,0.31663226997578375,0.36717383948380466,1
512,260,0.3266281376722941,0.013056388467524683,0.30103808650778163,0.35221818883680656,1
512,261,0.34718776845230775,0.013164913765370882,0.32138501161260524,0.37299052529201027,1
512,262,0.3108823411079048,0.012714432250008272,0.28596251181401405,0.33580217040179555,1
512,263,0.34582840972957196,0.013279569677895913,0.3198009314307058,0.3718558880284381,1
512,264,0.32411409693476145,0.013029100237479527,0.29857752971833934,0.34965066415118357,1
512,265,0.33449097155584007,0.013514413777363518,0.30800320728003566,0.36097873583164447,1
512,266,0.34143667610427725,0.013199974311539752,0.3155652018568054,0.3673081503517491,1
512,267,0.32069960965837657,0.012473937209898641,0.2962511419815612,0.3451480773351919,1
512,268,0.3422602521220607,0.012966077842050538,0.3168472065308988,0.36767329771322255,1
512,269,0.3517935895888237,0.013008927943507565,0.32629655934207213,0.3772906198355752,1
512,270,0.34103373957499383,0.01307502373795442,0.3154071639515969,0.36666031519839076,1
512,271,0.34085817907462596,0.013192003260908034,0.31500232779931125,0.36671403034994066,1
512,272,0.3183623195529645,0.013360030936714751,0.29217714008466267,0.34454749902126636,1
512,273,0.32386440016405327,0.013256765024830548,0.29788161816387515,0.3498471821642314,1
512,274,0.33435371864943036,0.01320326857723958,0.3084757877598314,0.3602316495390293,1
512,275,0.32012285476063324,0.013000671476905753,0.2946420068910608,0.3456037026302057,1
512,276,0.3217112797398345,0.012980096472502492,0.29627075813787423,0.34715180134179474,1
512,277,0.3366584752713314,0.013049788527011618,0.31108135975252466,0.3622355907901382,1
512,278,0.34128239498905677,0.013502966849374997,0.3148170662798435,0.36774772369827,1
512,279,0.32829074143677084,0.01317261041395529,0.30247289944304123,0.35410858343050045,1
512,280,0.3338081445595661,0.01283064836891586,0.3086605358581934,0.35895575326093876,1
512,281,0.3552978651273534,0.0132068338676406,0.329412946396974,0.3811827838577328,1
512,282,0.3429503151096376,0.013421457606324941,0.31664474158120953,0.36925588863806563,1
512,283,0.34056831353742545,0.013091098950219116,0.3149102310769459,0.366226395997905,1
512,284,0.32988954188252306,0.01299585277137077,0.3044181385022513,0.3553609452627948,1
512,285,0.3424220524929851,0.013266322577166758,0.31642053803444764,0.3684235669515225,1
512,286,0.3403622287436019,0.01315391094080719,0.31458103704377244,0.36614342044343134,1
512,287,0.3527902799593004,0.013383793616029788,0.32655852649536493,0.37902203342323587,1
512,288,0.3295902166822836,0.012907843139151637,0.30429130901145396,0.35488912435311326,1
512,289,0.35913389345529,0.013542080847131622,0.3325919027191824,0.38567588419139764,1
512,290,0.31663149071677765,0.013350932879180337,0.29046414311357255,0.34279883831998276,1
512,291,0.3443237731859776,0.013582957608381652,0.31770166547001527,0.37094588090194,1
512,292,0.348873724655578,0.01293184636720535,0.3235277715222504,0.3742196777889056,1
512,293,0.3395729685855662,0.01364550273021956,0.31282827468339286,0.3663176624877395,1
512,294,0.33464090975001715,0.012984504791710268,0.30919174800117727,0.360090071498857,1
512,295,0.3571709312333219,0.013729615192990284,0.330261379933467,0.3840804825331768,1
512,296,0.33746990202554195,0.013205894871125324,0.31158682369451407,0.3633529803565698,1
512,297,0.3438216282085811,0.01339022708399517,0.3175772653791378,0.3700659910380244,1
512,298,0.33506428254995085,0.013010276718387651,0.3095646087530111,0.3605639563468906,1
512,299,0.34731009086045234,0.01370500427421316,0.32044877607502703,0.37417140564587764,1
512,300,0.3473072190618456,0.013318942964059992,0.32120257054014484,0.37341186758354633,1
512,301,0.3200397509827504,0.013544097452458615,0.2934938077728308,0.34658569419267,1
512,302,0.36046488043629443,0.013100034798448113,0.3347892840351147,0.38614047683747416,0
512,303,0.35411951196986197,0.01353943868298855,0.327582699780316,0.3806563241594079,1
512,304,0.33440163477694385,0.012969153500189519,0.3089825610066008,0.35982070854728687,1
512,305,0.3646463545098838,0.013643616296090415,0.33790535795066284,0.39138735106910477,0
512,306,0.32301620558280597,0.012608487663569005,0.29830402386269317,0.3477283873029188,1
512,307,0.34205451953074223,0.013658527075083178,0.315284298381714,0.36882474067977045,1
512,308,0.34174159401113247,0.013285043666652006,0.3157033868914526,0.3677798011308123,1
512,309,0.36675271982455276,0.013606186659366415,0.34008508400526527,0.39342035564384026,0
512,310,0.32591942903771565,0.013215694678153419,0.3000171434378573,0.351821714637574,1
512,311,0.33271008746938047,0.013437336789728199,0.30637339131337815,0.3590467836253828,1
512,312,0.31452987449716163,0.012900902577766956,0.2892445700766785,0.3398151789176448,1
512,313,0.3302981240893456,0.013035280038142808,0.3047494446861918,0.3558468034924994,1
512,314,0.34253896723421434,0.013372804079356189,0.3163287528663659,0.36874918160206277,1
512,315,0.3208382781435891,0.012676056038766401,0.2959936648415955,0.34568289144558273,1
512,316,0.3460878405645067,0.01300968860720848,0.320589319444297,0.37158636168471637,1
512,317,0.33467203383275695,0.012798161137216999,0.30958809893547146,0.35975596873004245,1
512,318,0.3175418887374223,0.012719005341906,0.292613096348114,0.34247068112673057,1
512,319,0.3454028312384696,0.013689364497472576,0.3185721698521821,0.3722334926247571,1
512,320,0.32148359826601064,0.012324657025374127,0.2973277143744688,0.34563948215755247,1
512,321,0.3403245112620761,0.013021974938573846,0.31480190937488817,0.365847113149264,1
512,322,0.33689564671786126,0.012981053655109731,0.3114532490724642,0.36233804436325834,1
512,323,0.318833113985616,0.01278265300105212,0.293779574476681,0.34388665349455094,1
512,324,0.33381529167847,0.012738936934358147,0.30884743408580095,0.3587831492711391,1
512,325,0.33440205723703725,0.013303221908470707,0.30832822141809046,0.36047589305598404,1
512,326,0.30928015394879943,0.012625228168217767,0.284535161442492,0.33402514645510684,1
512,327,0.3136451618326707,0.013049573403705054,0.28806846794779706,0.3392218557175444,1
512,328,0.3323533622455007,0.013238283131784146,0.30640680409005966,0.3582999204009418,1
512,329,0.3206830483285098,0.012910618272889304,0.29537870149550205,0.34598739516151755,1
512,330,0.333695173063537,0.01319132009076438,0.3078406607770992,0.35954968534997483,1
512,331,0.3277261291805582,0.012607008116759346,0.30301684731890577,0.35243541104221066,1
512,332,0.32400402318327415,0.013250266019477328,0.29803397899952366,0.34997406736702463,1
512,333,0.32846884019885264,0.01276392521502896,0.3034520064760332,0.35348567392167207,1
512,334,0.3301666217285668,0.01318974013368772,0.30431520610109636,0.35601803735603726,1
512,335,0.3212286837617114,0.012550577443008595,0.29663000398823375,0.345827363535189,1
512,336,0.3348738483828204,0.013409030490901636,0.3085926315530538,0.36115506521258706,1
512,337,0.3216543992923022,0.01305677511020525,0.2960635903220609,0.3472452082625435,1
512,338,0.32759928121751547,0.012801461544458666,0.302508877640902,0.35268968479412893,1
512,339,0.3305557386960968,0.013068239567731125,0.3049424598020025,0.35616901759019104,1
512,340,0.3302026970604646,0.013133267259058574,0.30446196623337074,0.3559434278875585,1
512,341,0.3239558077935293,0.013073384110959636,0.2983324457799902,0.3495791698070684,1
512,342,0.3340713405394107,0.013019765410530527,0.3085530692476105,0.35958961183121085,1
512,343,0.3176285725422233,0.012768658090393552,0.29260246255414596,0.3426546825303007,1
512,344,0.33104818139179265,0.012382163812914716,0.30677958626780466,0.35531677651578064,1
512,345,0.3421911761601064,0.013367910148397786,0.31599055372067925,0.3683917985995336,1
512,346,0.3312770872617032,0.013314660998109337,0.30518083123904877,0.3573733432843576,1
512,347,0.3308733019941822,0.013313023412446069,0.30478025558044936,0.356966348407915,1
512,348,0.3319256151376272,0.013413308146969416,0.30563601425602943,0.35821521601922496,1
512,349,0.32641068365830944,0.012756853065479962,0.30140771109389936,0.35141365622271953,1
512,350,0.3197067939704482,0.013061356610917299,0.2941070054238162,0.34530658251708024,1
512,351,0.3394647969664686,0.013130099312201557,0.3137302752011194,0.36519931873181777,1
512,352,0.3437516925136461,0.01286486828939864,0.3185370140005734,0.36896637102671886,1
512,353,0.3122575273769777,0.012769201754984102,0.28723035182588325,0.33728470292807217,1
512,354,0.32294547238195825,0.013000977204477956,0.2974640252973552,0.3484269194665613,1
512,355,0.32569386745895684,0.013386591412972477,0.2994566304137776,0.35193110450413606,1
512,356,0.3421973977725115,0.01327789885016808,0.3161731942358163,0.3682216013092067,1
512,357,0.3265049510792547,0.01298079688597947,0.30106305669210526,0.35194684546640415,1
512,358,0.3306725192932572,0.013008999305819105,0.3051753491789452,0.3561696894075692,1
512,359,0.35920734548289157,0.013837774123476058,0.3320858065746782,0.38632888439110497,1
512,360,0.34600536507390084,0.013587062164133303,0.3193752125764927,0.37263551757130897,1
512,361,0.33438929568689424,0.012699940962925862,0.3094978687937746,0.35928072258001387,1
512,362,0.3427725980636758,0.012893529478520975,0.31750174465216924,0.3680434514751824,1
512,363,0.33897790022839613,0.01363313498160479,0.31225744666807764,0.3656983537887146,1
512,364,0.3336259703585807,0.012852957813863237,0.3084346359485961,0.3588173047685653,1
512,365,0.3427745798278468,0.01317681616517335,0.31694849471320186,0.3686006649424918,1
512,366,0.32737907759714346,0.012931510280619537,0.3020337831814197,0.3527243720128672,1
512,367,0.3335624222092366,0.013161529519721427,0.30776629836912184,0.35935854604935136,1
512,368,0.3333053756660309,0.01330111897212173,0.3072356615265899,0.35937508980547195,1
512,369,0.32948306162084384,0.01284002170718524,0.3043170815140483,0.3546490417276394,1
512,370,0.3479979353887967,0.013561117922493546,0.3214186326706087,0.3745772381069847,1
512,371,0.3221974108740877,0.013035093693292159,0.2966490967001299,0.3477457250480455,1
512,372,0.30549737636896945,0.012298756106337107,0.28139225734590667,0.32960249539203224,0
512,373,0.3255450554250401,0.013255475094530275,0.2995648016417931,0.35152530920828706,1
512,374,0.3306409913272122,0.013201610099799945,0.3047663109936641,0.3565156716607603,1
512,375,0.3276339655679899,0.01324443521320581,0.30167534955453246,0.35359258158144735,1
512,376,0.3247532180237551,0.01302083186966938,0.2992328565104518,0.35027357953705845,1
512,377,0.3335504556741825,0.013033370178218158,0.30800551952769656,0.35909539182066846,1
512,378,0.32640420283918775,0.012918397732822632,0.3010846085448915,0.351723797133484,1
512,379,0.33507098815385383,0.01327355800631573,0.3090552925147717,0.36108668379293596,1
512,380,0.3385484981939781,0.01315742109331808,0.31276042672164706,0.3643365696663091,1
512,381,0.3393879215764569,0.013163498043443524,0.31358793950074415,0.3651879036521697,1
512,382,0.33415278476200183,0.01275010761470702,0.30916303303816617,0.3591425364858375,1
512,383,0.3345132684720386,0.013151578901160203,0.3087366474859278,0.36028988945814944,1
512,384,0.3285168705459629,0.013372746177660412,0.30230676966335285,0.35472697142857296,1
512,385,0.33989726419276667,0.013367695353334635,0.31369706274392734,0.366097465641606,1
512,386,0.34836328660680704,0.013711584174069624,0.3214890754546412,0.37523749775897286,1
512,387,0.3468681294016552,0.013623384869570578,0.320166785709769,0.3735694730935414,1
512,388,0.33691957524484195,0.013422545819132286,0.310611868858504,0.3632272816311799,1
512,389,0.338823378568135,0.013111547905201287,0.3131252168923689,0.3645215402439011,1
512,390,0.3365597355799491,0.013098240861012063,0.31088765523153455,0.3622318159283637,1
512,391,0.3497302268577314,0.013689734304143587,0.3228988406636875,0.3765616130517753,1
512,392,0.31111126810449763,0.012833699927890298,0.28595767845743836,0.3362648577515569,1
512,393,0.3272801015489962,0.012751431207642251,0.30228775563067734,0.3522724474673151,1
512,394,0.33059624454322434,0.012853023870884248,0.3054047806638576,0.35578770842259105,1
512,395,0.3269118079137784,0.01314780229261078,0.3011425889444081,0.3526810268831487,1
512,396,0.32082685184316473,0.012677164545436428,0.29598006590802123,0.34567363777830823,1
512,397,0.35502268440286333,0.013256632649265087,0.32904016185402596,0.3810052069517007,1
512,398,0.3592848202727647,0.013758907974145078,0.3323178561768394,0.38625178436869,1
512,399,0.3379295723390144,0.01349349788141746,0.31148280246596866,0.3643763422120601,1
2048,0,0.3335978181974306,0.006627871247758417,0.32060742925765556,0.3465882071372057,1
2048,1,0.33886932922316904,0.006706459923617856,0.3257249093091168,0.3520137491372213,1
2048,2,0.3333120134842083,0.006573163948182619,0.32042884888129325,0.34619517808712336,1
2048,3,0.33386126310003617,0.006598691304688742,0.32092806579774863,0.3467944604023237,1
2048,4,0.31953702631111147,0.006539643748686047,0.3067195600919643,0.3323544925302586,0
2048,5,0.33504225662965814,0.006651224804824244,0.3220060955591232,0.3480784177001931,1
2048,6,0.32724587567501584,0.0065648994233325495,0.31437890924315626,0.3401128421068754,1
2048,7,0.3268747530616282,0.006633320846907335,0.3138736831037911,0.33987582301946534,1
2048,8,0.33959449910901096,0.0066568503521656636,0.32654731216829347,0.35264168604972845,1
2048,9,0.34318531159954097,0.006621689064673356,0.3302070395159585,0.35616358368312345,1
2048,10,0.3221657812445531,0.006425444867143466,0.30957214072030415,0.334759421768802,1
2048,11,0.3379413830134269,0.006553981871233918,0.32509581459048,0.35078695143637384,1
2048,12,0.34447973134849275,0.006702612537572584,0.33134285217252385,0.35761661052446164,1
2048,13,0.339877256518057,0.006667206571278512,0.32680977176086234,0.35294474127525166,1
2048,14,0.33018187147261224,0.00663035560662076,0.3171866132789423,0.34317712966628217,1
2048,15,0.3445422095127936,0.006682054120181743,0.33144562409448985,0.3576387949310973,1
2048,16,0.32885022055867585,0.006665337629442458,0.31578639886016907,0.34191404225718264,1
2048,17,0.3310042254994239,0.006574855878560181,0.3181177447739045,0.3438907062249433,1
2048,18,0.3383271746992081,0.00654904289798231,0.32549128648595493,0.35116306291246124,1
2048,19,0.3394376200959439,0.006672043609175049,0.32636065491868016,0.35251458527320767,1
2048,20,0.33710170763487907,0.006595920859669312,0.32417394030505076,0.3500294749647074,1
2048,21,0.32270023909483225,0.006421866946167917,0.3101136111668349,0.3352868670228296,1
2048,22,0.318947173030107,0.00650040306253452,0.3062066171425455,0.3316877289176685,0
2048,23,0.32465893622827513,0.006514440929836457,0.31189086662638205,0.3374270058301682,1
2048,24,0.33885677116327295,0.006695314481172398,0.3257341959150056,0.35197934641154033,1
2048,25,0.34025582770901286,0.006641297577552499,0.32723912364639685,0.3532725317716289,1
2048,26,0.3293393801255632,0.006564154942546611,0.31647387284923123,0.34220488740189514,1
2048,27,0.33723646938605306,0.006567638315403967,0.324364134824376,0.35010880394773014,1
2048,28,0.3384880326697522,0.006581233961109573,0.32558905113214553,0.35138701420735885,1
2048,29,0.3235540168625778,0.0064030409993419786,0.31100428711233413,0.33610374661282144,1
2048,30,0.3440647706661919,0.006716948924717858,0.3308997926877499,0.3572297486446339,1
2048,31,0.3203828597441502,0.006464820104381651,0.3077120451730317,0.3330536743152687,0
2048,32,0.33402979189326154,0.006677196629651734,0.32094272698145193,0.34711685680507115,1
2048,33,0.3508158471835898,0.006674234713067746,0.33773458752161,0.36389710684556964,0
2048,34,0.33818761849638634,0.006638073299922326,0.32517723390180164,0.35119800309097104,1
2048,35,0.34311568269848514,0.006637553641096556,0.3301063166164832,0.35612504878048706,1
2048,36,0.3386735459098734,0.006642174345230982,0.3256551234141848,0.35169196840556205,1
2048,37,0.3344400442114648,0.006564070987250669,0.3215747014844892,0.3473053869384404,1
2048,38,0.32705901859350606,0.006451658549289622,0.31441400019634846,0.33970403699066365,1
2048,39,0.3540878730328303,0.006870916229126119,0.34062112468295136,0.3675546213827092,0
2048,40,0.3374227494377764,0.00653538976193937,0.32461362087944345,0.35023187799610933,1
2048,41,0.3354586943957089,0.006615563530821155,0.32249242813786283,0.348424960653555,1
2048,42,0.3430720809743515,0.006674796778301595,0.3299897196847564,0.3561544422639466,1
2048,43,0.3327443019824392,0.006501914289629331,0.3200007841441994,0.345487819820679,1
2048,44,0.3391368723648233,0.00669674164988223,0.3260114999172848,0.35226224481236185,1
2048,45,0.33080081841966824,0.006622336677320834,0.31782127703862073,0.34378035980071575,1
2048,46,0.3361257378911594,0.006625387918228355,0.323140216187825,0.3491112595944938,1
2048,47,0.33508322176746064,0.006650465632395054,0.32204854864754495,0.3481178948873763,1
2048,48,0.3204011227019994,0.006359804018941317,0.3079361358761413,0.33286610952785745,0
2048,49,0.32893060103410354,0.00668714935692491,0.31582402913529056,0.3420371729329165,1
2048,50,0.337658110321659,0.006527534102851299,0.32486437857221345,0.3504518420711045,1
2048,51,0.33375038812629454,0.006621155894709923,0.320773161036638,0.3467276152159511,1
2048,52,0.32848891277834286,0.00657501656228567,0.3156021171185086,0.3413757084381771,1
2048,53,0.31663089883656875,0.006528137479412606,0.30383598449079396,0.32942581318234354,0
2048,54,0.32872955169739604,0.006609633200827309,0.3157749086727543,0.34168419472203776,1
2048,55,0.3241952901507875,0.006574197661702198,0.31131009950660377,0.33708048079497127,1
2048,56,0.33231781069582655,0.006527036240953043,0.3195250547377709,0.34511056665388223,1
2048,57,0.32910650443608264,0.006511913408807778,0.31634338868437595,0.3418696201877893,1
2048,58,0.32785992177021583,0.00664928970053041,0.3148275534344031,0.34089229010602856,1
2048,59,0.34938590258994956,0.006630089639266211,0.33639116568271565,0.36238063949718347,0
2048,60,0.3222876491167088,0.006564177528655838,0.30942209757241623,0.3351532006610014,1
2048,61,0.3445505311192276,0.006682167106602922,0.3314537242516077,0.35764733798684756,1
2048,62,0.32641591552311694,0.006479365423112946,0.31371659265114143,0.33911523839509244,1
2048,63,0.3283022390382363,0.006614887175841236,0.3153372984117916,0.341267179664681,1
2048,64,0.33089676089983117,0.006606111513938688,0.317949020254656,0.34384450154500634,1
2048,65,0.33202338258106057,0.006595773963850229,0.31909590316174713,0.344950862000374,1
2048,66,0.32401900583201904,0.006591393588185574,0.3111001117912471,0.336937899872791,1
2048,67,0.327061286148273,0.006483732315599798,0.3143534043242989,0.3397691679722471,1
2048,68,0.3295511560210622,0.006562911834396865,0.31668808519193264,0.3424142268501918,1
2048,69,0.348469901002496,0.006687410331026888,0.3353628176038422,0.36157698440114977,0
2048,70,0.343330920456249,0.0066894617160417275,0.3302198164168477,0.3564420244956503,1
2048,71,0.3304044529904878,0.006494895623245808,0.3176746914855792,0.34313421449539644,1
2048,72,0.34505839519110965,0.006705512938920414,0.3319158313329583,0.35820095904926097,1
2048,73,0.33426134477112013,0.006666680807195669,0.3211948904925922,0.34732779904964806,1
2048,74,0.33088772634172636,0.006519915578348276,0.3181089266259221,0.3436665260575306,1
2048,75,0.336454435732738,0.00664438743760407,0.32343167565570363,0.3494771958097723,1
2048,76,0.34013101650750494,0.0065520430835660035,0.3272892480385608,0.35297278497644907,1
2048,77,0.33239826240908726,0.006558963999256722,0.3195429291946493,0.34525359562352526,1
2048,78,0.34100021497959593,0.006687847357437635,0.3278922750249168,0.35410815493427505,1
2048,79,0.33910832808733876,0.006664850106376709,0.3260454619164825,0.35217119425819504,1
2048,80,0.33596839709914217,0.006614778711439572,0.32300366905901834,0.348933125139266,1
2048,81,0.3370196409609166,0.006648080311603909,0.3239896429838431,0.35004963893799007,1
2048,82,0.32233192684900014,0.006527334796891088,0.30953858573205856,0.3351252679659417,1
2048,83,0.3287298413098598,0.006420533822862527,0.316145826255528,0.34131385636419165,1
2048,84,0.33368679088495845,0.006620918839756462,0.32071002841447305,0.34666355335544385,1
2048,85,0.331311444931386,0.00667905010768924,0.3182207472693767,0.34440214259339524,1
2048,86,0.3420836860040196,0.006683623347568927,0.3289840249565535,0.35518334705148574,1
2048,87,0.33334038156520673,0.006567276272788865,0.32046875659401614,0.34621200653639733,1
2048,88,0.33645356151645106,0.006544099569083751,0.3236273620498028,0.3492797609830993,1
2048,89,0.3227089426080743,0.006514493382733619,0.3099407702003919,0.3354771150157567,1
2048,90,0.32906704894196104,0.006571572082711721,0.3161870043380372,0.3419470935458849,1
2048,91,0.33970340244795993,0.006584355260196655,0.3267983032765576,0.35260850161936225,1
2048,92,0.33583494878860454,0.006655295613481887,0.32279080907971264,0.34887908849749644,1
2048,93,0.3255882942450294,0.006501604664683308,0.3128453832605325,0.33833120522952626,1
2048,94,0.33852497527065734,0.006619980280085385,0.3255500523433246,0.35149989819799005,1
2048,95,0.33376863971953363,0.006655603779569703,0.3207238960162084,0.3468133834228589,1
2048,96,0.3327318698380797,0.006599043406397163,0.3197979824291247,0.34566575724703463,1
2048,97,0.3296921259160984,0.006564305394362307,0.3168263237596263,0.3425579280725705,1
2048,98,0.3187446035316738,0.006443604963483125,0.3061153698726433,0.33137383719070423,0
2048,99,0.33267373707269443,0.006582485229666964,0.3197723030937803,0.34557517105160857,1
2048,100,0.32298517392231313,0.006485469463102886,0.3102738873517972,0.3356964604928291,1
2048,101,0.3418031767194153,0.006670589526771899,0.3287290614912923,0.3548772919475383,1
2048,102,0.339325260490172,0.00669801982505802,0.32619738286532296,0.352453138115021,1
2048,103,0.33283213157635094,0.006632678755048499,0.31983232009543194,0.34583194305726994,1
2048,104,0.34399906664404334,0.006644365609667485,0.33097634934897857,0.3570217839391081,1
2048,105,0.3269303505422202,0.00654892705812333,0.3140946893709186,0.3397660117135218,1
2048,106,0.33262859515086746,0.006510949853409289,0.31986736793303894,0.345389822368696,1
2048,107,0.3283617566261967,0.006630395997062992,0.3153664192687147,0.3413570939836787,1
2048,108,0.33546028455152826,0.006541837306654804,0.32263851903776436,0.34828205006529217,1
2048,109,0.3402754931381077,0.006584043685745505,0.3273710046414081,0.35317998163480724,1
2048,110,0.3298178518269359,0.006572589577388464,0.31693581297009116,0.34269989068378065,1
2048,111,0.3408544598007146,0.00663827300175755,0.3278436837977252,0.353865235803704,1
2048,112,0.34560086864582595,0.006692435449055656,0.3324839361968177,0.3587178010948342,1
2048,113,0.33576531429233103,0.006603636867835482,0.3228224238643926,0.3487082047202695,1
2048,114,0.3385297399658521,0.006556677962877958,0.32567888730038386,0.3513805926313204,1
2048,115,0.3378656456603464,0.006517934436756726,0.32509072891070984,0.3506405624099829,1
2048,116,0.33103316488704126,0.006517464068297355,0.31825917004264453,0.343807159731438,1
2048,117,0.34033576246378316,0.006634726168155086,0.32733193812691375,0.3533395868006526,1
2048,118,0.32670964538445546,0.006614404285655818,0.31374565120538267,0.33967363956352825,1
2048,119,0.3248852332850901,0.006572803945954923,0.3120027742735757,0.3377676922966045,1
2048,120,0.32331818036916227,0.0065560851370785374,0.31046848962091,0.33616787111741453,1
2048,121,0.34333177365599354,0.006653573970079056,0.3302910083061654,0.35637253900582166,1
2048,122,0.3437079557007577,0.00672217236802478,0.3305327399615588,0.35688317143995657,1
2048,123,0.3393076156161356,0.006518573753271864,0.32653144582915467,0.3520837854031165,1
2048,124,0.33752497538998477,0.006613926017795666,0.3245619185986928,0.3504880321812767,1
2048,125,0.34783419526176473,0.006634523066616708,0.33483076899659575,0.3608376215269337,0
2048,126,0.3370489903328822,0.006659999057576101,0.32399563204296233,0.3501023486228021,1
2048,127,0.3202066138529802,0.0065071554906500975,0.307452823449504,0.33296040425645645,0
2048,128,0.3301521252625167,0.006561375945804442,0.31729206471971255,0.34301218580532084,1
2048,129,0.33176398546603975,0.006589225351020236,0.3188493410920218,0.3446786298400577,1
2048,130,0.3324820991158697,0.0065256465019923795,0.31969206699612485,0.3452721312356145,1
2048,131,0.3348886867675599,0.006600703794170703,0.3219515450583684,0.34782582847675136,1
2048,132,0.34886565910530687,0.006664788254434118,0.33580291416203045,0.3619284040485833,0
2048,133,0.33576810031501114,0.0065774820991317505,0.322876472291756,0.3486597283382663,1
2048,134,0.34255142840229985,0.0065882842963711705,0.32963862846150155,0.35546422834309815,1
2048,135,0.33352467642067185,0.006565435295083674,0.32065665969947976,0.34639269314186394,1
2048,136,0.3409654633700274,0.0066508123363090265,0.32793011072292705,0.3540008160171278,1
2048,137,0.3313178364264535,0.0065264739951946885,0.3185261824498347,0.3441094904030723,1
2048,138,0.33366981451097755,0.0066049558160367824,0.3207243389920671,0.346615290029888,1
2048,139,0.3257134062583758,0.006516186395264368,0.31294191560710777,0.33848489690964384,1
2048,140,0.3372538319848951,0.0065766188286410674,0.32436389594071063,0.3501437680290796,1
2048,141,0.3372905834220865,0.00661853464130119,0.32431849389470546,0.35026267294946756,1
2048,142,0.33085778336926663,0.006623732885682639,0.3178755054701151,0.34384006126841815,1
2048,143,0.32666751002820227,0.006598105397204634,0.3137354610834818,0.3395995589729227,1
2048,144,0.325852969444873,0.0065238233174157514,0.31306651070123553,0.3386394281885105,1
2048,145,0.3384550045254371,0.006549755745551546,0.32561771915662174,0.35129228989425243,1
2048,146,0.33056242350127585,0.0066822423246679545,0.31746546920895746,0.34365937779359423,1
2048,147,0.34236914468105384,0.0066342172803091825,0.3293663177460346,0.3553719716160731,1
2048,148,0.3434047218159543,0.006658353455722843,0.3303545888463997,0.35645485478550887,1
2048,149,0.32723127256824736,0.006535667912214917,0.31442159884539206,0.34004094629110265,1
2048,150,0.3363600337112971,0.006656546382689987,0.3233134425398043,0.34940662488278984,1
2048,151,0.335269771138789,0.006631948114389646,0.32227139168724694,0.348268150590331,1
2048,152,0.3280350143692228,0.006561026099044273,0.31517563951346866,0.3408943892249769,1
2048,153,0.3410476970576068,0.006525435236511416,0.3282580790105958,0.3538373151046178,1
2048,154,0.3322180118863044,0.006445158490006051,0.31958573337123997,0.34485029040136883,1
2048,155,0.34429653613651734,0.006760374595193069,0.33104644540793937,0.3575466268650953,1
2048,156,0.33586229832378367,0.006621262598665908,0.32288486209821643,0.3488397345493509,1
2048,157,0.33726948984072036,0.006607893949219268,0.32431825568659045,0.35022072399485027,1
2048,158,0.3171943038218183,0.006561833220553335,0.3043333470369753,0.3300552606066613,0
2048,159,0.3341184069219857,0.006573861293538012,0.32123387554728927,0.3470029382966821,1
2048,160,0.34262226712153215,0.00667283777161626,0.3295437454144858,0.35570078882857853,1
2048,161,0.3474202894850843,0.0066050973624301465,0.3344745365403407,0.3603660424298279,0
2048,162,0.3407142383159332,0.0066254247531693684,0.3277286444174411,0.35369983221442536,1
2048,163,0.33508449365239035,0.006527640679744717,0.3222905530160721,0.34787843428870857,1
2048,164,0.34773640369297243,0.006667916880596515,0.3346675267550966,0.36080528063084827,0
2048,165,0.3319291774407459,0.0066296740436828485,0.3189352550858875,0.3449230997956043,1
2048,166,0.34014635802742754,0.006663946409106303,0.32708526307067415,0.35320745298418094,1
2048,167,0.3512090114130021,0.006811279048906058,0.33785914978849396,0.3645588730375102,0
2048,168,0.3219773412940718,0.006547091889463962,0.30914527698724814,0.33480940560089545,1
2048,169,0.3139107943795644,0.006489007633219767,0.30119257312304815,0.3266290156360806,0
2048,170,0.3285949315330769,0.006519920424209182,0.3158161223195598,0.341373740746594,1
2048,171,0.33534578329516074,0.006644617625010258,0.3223225720591006,0.3483689945312209,1
2048,172,0.33374504115329173,0.006538601040973749,0.32092961860370706,0.3465604637028764,1
2048,173,0.32458929218222227,0.006497667912458607,0.3118540970903018,0.3373244872741427,1
2048,174,0.3312287324648784,0.006660418793365406,0.31817455150792845,0.3442829134218283,1
2048,175,0.32643998204445557,0.006613415209187008,0.3134779264196396,0.3394020376692715,1
2048,176,0.32423922201625477,0.006448810088636111,0.31159978649938946,0.3368786575331201,1
2048,177,0.3236348959557409,0.006635109718715125,0.3106303198735876,0.33663947203789424,1
2048,178,0.32208319030984567,0.006492905535459904,0.3093573293053235,0.33480905131436783,1
2048,179,0.3279877708430331,0.006532849806257447,0.31518362050635906,0.34079192117970714,1
2048,180,0.32316370134579664,0.006491770231269277,0.3104400654965996,0.3358873371949937,1
2048,181,0.3377595205658803,0.006603222629405611,0.32481744203034546,0.3507015991014152,1
2048,182,0.33917540960671955,0.006656239192008121,0.3261294205178996,0.3522213986955395,1
2048,183,0.33601389211090915,0.006637421504898922,0.32300478501109564,0.34902299921072266,1
2048,184,0.3271129364056483,0.006610520670628648,0.3141565539721586,0.34006931883913805,1
2048,185,0.3236653224645087,0.0065642539748059755,0.3107996210885151,0.33653102384050226,1
2048,186,0.3430899912878631,0.0066578573974734045,0.33004083057461164,0.35613915200111457,1
2048,187,0.3317078460557088,0.006563590420825399,0.31884344522161895,0.34457224688979865,1
2048,188,0.33164638612265657,0.00660519927359334,0.3187004334357035,0.34459233880960966,1
2048,189,0.32142482073377043,0.006431677650910289,0.30881896417781507,0.3340306772897258,1
2048,190,0.33344002716848703,0.006613646707677796,0.32047751781496664,0.3464025365220074,1
2048,191,0.33283952335318456,0.006537215879586021,0.32002681567003266,0.34565223103633647,1
2048,192,0.33684216228192143,0.006570570206922234,0.32396408131846194,0.3497202432453809,1
2048,193,0.33500507432783755,0.006504405110072743,0.3222566745712367,0.3477534740844384,1
2048,194,0.32380536759668366,0.00655286335520554,0.3109619914248685,0.3366487437684988,1
2048,195,0.33314546681111024,0.00651394543522164,0.32037836836081673,0.34591256526140374,1
2048,196,0.3308076349894162,0.006524486556703866,0.31801987632066087,0.3435953936581715,1
2048,197,0.33396897885305477,0.006496740562121906,0.3212356013343953,0.3467023563717142,1
2048,198,0.3416554591123992,0.006814925520126076,0.32829845053562917,0.3550124676891692,1
2048,199,0.3332701163452978,0.006406294821080639,0.3207140092216343,0.3458262234689613,1
2048,200,0.33710708515033505,0.006574708697440833,0.3242208928945088,0.3499932774061613,1
2048,201,0.3279818825502451,0.006551732687006168,0.3151407224473792,0.340823042653111,1
2048,202,0.3355733560696348,0.006545634963765936,0.3227441472847074,0.34840256485456217,1
2048,203,0.34459748542132007,0.006617894501660038,0.33162665054458074,0.3575683202980594,1
2048,204,0.329107943891665,0.0065826803880772835,0.3162061274092954,0.3420097603740346,1
2048,205,0.34007028529180106,0.006682968181950027,0.3269719083453519,0.3531686622382502,1
2048,206,0.32203275905324297,0.00650427688677922,0.3092846106096794,0.33478090749680656,1
2048,207,0.3254090037334274,0.006501258761431152,0.3126667707068469,0.3381512367600079,1
2048,208,0.33445040999764364,0.0066388561992365485,0.32143849094859955,0.3474623290466877,1
2048,209,0.32502173789347705,0.006586148977386265,0.31211312310098466,0.33793035268596944,1
2048,210,0.3430531116596213,0.006676292016005523,0.3299678197579782,0.35613840356126447,1
2048,211,0.3234009847309689,0.0065578749971840445,0.31054778592137244,0.33625418354056535,1
2048,212,0.317976121509026,0.006519776612581795,0.30519759416111913,0.33075464885693284,0
2048,213,0.33355060188842295,0.0064925375825334005,0.32082546205838475,0.34627574171846115,1
2048,214,0.329862507868998,0.006556843586047628,0.31701133058808223,0.3427136851499138,1
2048,215,0.34418069878489305,0.006640439217804678,0.33116567707646855,0.35719572049331755,1
2048,216,0.33817345110248237,0.006591529820522209,0.32525429005123707,0.35109261215372767,1
2048,217,0.32790355837214585,0.006499972268710265,0.3151638468249646,0.3406432699193271,1
2048,218,0.33658915657986377,0.006622484635072144,0.3236093252069525,0.349568987952775,1
2048,219,0.3293524312686521,0.0065624727106260595,0.3164902211062981,0.3422146414310061,1
2048,220,0.3341209872138245,0.006650943261648248,0.3210853779577746,0.3471565964698744,1
2048,221,0.3263357309596451,0.006520053389500549,0.3135566611389457,0.33911480078034445,1
2048,222,0.3488996165589887,0.006609621547982927,0.3359449963735023,0.36185423674447514,0
2048,223,0.33185391011787846,0.006657123733830156,0.31880618735894456,0.34490163287681236,1
2048,224,0.3343228054713664,0.006776895857228439,0.32104033366421997,0.3476052772785128,1
2048,225,0.3246282591341427,0.006612769803984104,0.3116674684802799,0.3375890497880056,1
2048,226,0.3332712320152368,0.006629965466146006,0.3202767384828463,0.34626572554762725,1
2048,227,0.3345400802877316,0.006503975938557885,0.321792521691843,0.34728763888362013,1
2048,228,0.3315457608158504,0.006549530537688016,0.3187089168463366,0.3443826047853642,1
2048,229,0.3233651564200901,0.006488656020484951,0.31064762431187065,0.3360826885283096,1
2048,230,0.3333454420063565,0.006582456299879871,0.3204440647287832,0.34624681928392986,1
2048,231,0.33991127462875004,0.006702987819668741,0.32677365991338864,0.35304888934411144,1
2048,232,0.34016975808971994,0.006618863684900174,0.32719702364873554,0.35314249253070434,1
2048,233,0.33623432878131365,0.006638913512780528,0.32322229739978753,0.3492463601628398,1
2048,234,0.3455119092471729,0.006645054067285368,0.33248784259997216,0.35853597589437364,1
2048,235,0.3364061717203744,0.006563002990707004,0.32354292222816,0.3492694212125888,1
2048,236,0.32083389716696326,0.006466983194824093,0.3081588430164823,0.33350895131744424,1
2048,237,0.33659677124530407,0.006582473589746209,0.32369536008021543,0.3494981824103927,1
2048,238,0.32962639298517343,0.0065810489431181824,0.3167277740761664,0.34252501189418044,1
2048,239,0.33188240648274747,0.0065483444338973245,0.3190478872339454,0.34471692573154955,1
2048,240,0.3336836352394616,0.00666479313830323,0.3206208807239776,0.3467463897549456,1
2048,241,0.3326060255237535,0.0065724392240165035,0.3197242813541028,0.3454877696934042,1
2048,242,0.3239700574878765,0.006373362960637853,0.31147849562462476,0.3364616193511282,1
2048,243,0.3300400748479851,0.006674054744697597,0.31695916791752915,0.343120981778441,1
2048,244,0.3308397587781578,0.006531207468259675,0.3180388273648098,0.3436406901915058,1
2048,245,0.3363471325968,0.006579526883850977,0.32345149686913904,0.34924276832446094,1
2048,246,0.34004009053686834,0.006626737940333336,0.3270519228388299,0.3530282582349068,1
2048,247,0.3260917349168658,0.006583520695440478,0.3131882714623284,0.33899519837140324,1
2048,248,0.3397957240889574,0.006660743643339856,0.3267409064377572,0.3528505417401576,1
2048,249,0.32563866250942963,0.0065206082107360785,0.31285850525909076,0.3384188197597685,1
2048,250,0.33146577574652847,0.0065126537609170015,0.31870120893135184,0.3442303425617051,1
2048,251,0.3265227514204414,0.00654879132552096,0.313687356280152,0.3393581465607308,1
2048,252,0.3355375653202627,0.006747132394118929,0.3223134288288661,0.3487617018116593,1
2048,253,0.3348640712487816,0.006674628204353124,0.32178204035805424,0.34794610213950894,1
2048,254,0.3386499446775296,0.006653231202545387,0.3256098511397226,0.3516900382153367,1
2048,255,0.3321879438532438,0.006537347746144661,0.3193749777163862,0.3450009099901014,1
2048,256,0.3380441573939286,0.006604151762584652,0.32510025779082596,0.3509880569970313,1
2048,257,0.3353965060640669,0.006597746703943414,0.32246516014522,0.3483278519829138,1
2048,258,0.3434031053955358,0.006713349762891684,0.3302451816446476,0.356561029146424,1
2048,259,0.3384872720827251,0.006603970305438967,0.32554372812909277,0.35143081603635745,1
2048,260,0.3344465207777879,0.006618184599847583,0.32147511731904904,0.3474179242365268,1
2048,261,0.3369481670631028,0.006590372833409197,0.3240312736649296,0.349865060461276,1
2048,262,0.3347546421991954,0.006686243480367737,0.32164984578580885,0.3478594386125819,1
2048,263,0.3391530310474939,0.0067021656037706346,0.3260170278456803,0.35228903424930746,1
2048,264,0.3260845496153382,0.0065099007467826885,0.31332537860871373,0.3388437206219627,1
2048,265,0.33034657721199684,0.0065853889947120456,0.3174394519581748,0.3432537024658189,1
2048,266,0.3427625490281101,0.006638432186990409,0.32975146102779745,0.35577363702842274,1
2048,267,0.33060856632874414,0.006606537453921041,0.31765999085654395,0.3435571418009443,1
2048,268,0.32615586615497516,0.006585878574293345,0.31324778134280623,0.3390639509671441,1
2048,269,0.3221392460623417,0.006593761315483988,0.30921571136133963,0.3350627807633437,1
2048,270,0.3211323957168529,0.006530636339609146,0.30833258369509053,0.3339322077386153,1
2048,271,0.3484091752021462,0.006678042847847723,0.3353204517331494,0.361497898671143,0
2048,272,0.3336617982803582,0.006544148294654711,0.32083550331334576,0.3464880932473706,1
2048,273,0.32971959239875714,0.0064854528889817025,0.31700833831292174,0.34243084648459254,1
2048,274,0.33067699590139576,0.006656287105218901,0.31763091290440837,0.34372307889838316,1
2048,275,0.327735452805648,0.00659260150141887,0.3148141912984423,0.34065671431285366,1
2048,276,0.33441555828261993,0.006424194203341378,0.32182436901437983,0.34700674755086003,1
2048,277,0.32666022450390275,0.006494023533227845,0.31393217226402065,0.33938827674378486,1
2048,278,0.3277282394965564,0.006660626414618749,0.3146736516094275,0.34078282738368526,1
2048,279,0.3261902354498298,0.006549616978082806,0.3133532220602554,0.33902724883940416,1
2048,280,0.33024036493313835,0.0065771468419959156,0.317349394001795,0.3431313358644817,1
2048,281,0.32553455549846577,0.006379485445917236,0.31303099378457055,0.338038117212361,1
2048,282,0.33522705981796164,0.0066611995391760844,0.3221713486273417,0.34828277100858157,1
2048,283,0.32790578402777537,0.006571741702583898,0.315025406975011,0.3407861610805397,1
2048,284,0.34385850310143096,0.0067200912549908245,0.3306873662688264,0.3570296399340355,1
2048,285,0.3280447485272928,0.0065318872023076785,0.3152424848596917,0.34084701219489394,1
2048,286,0.3302007439829469,0.006597252439583186,0.31727036680444487,0.34313112116144895,1
2048,287,0.3389097121249194,0.0066442580105404575,0.32588720572026836,0.3519322185295704,1
2048,288,0.339319429896475,0.006734110113183362,0.32612081660670866,0.35251804318624136,1
2048,289,0.3339901853488032,0.006614182304011503,0.3210266262457585,0.3469537444518479,1
2048,290,0.32388073533450285,0.006508931518167586,0.3111234639810568,0.3366380066879489,1
2048,291,0.33247631694469093,0.006571376476484995,0.31959665572192664,0.3453559781674552,1
2048,292,0.33257223660103646,0.00650043454919632,0.3198316190007518,0.34531285420132113,1
2048,293,0.33613881321492867,0.006688264640706288,0.3230300554000716,0.3492475710297857,1
2048,294,0.33430552637467037,0.006703239304828471,0.32116741875745325,0.3474436339918875,1
2048,295,0.3386633552299076,0.0065760167065722665,0.3257745993232922,0.35155211113652296,1
2048,296,0.3193066574747238,0.006448544133091414,0.3066677432211476,0.3319455717283,0
2048,297,0.3297097513258012,0.006592976520120851,0.31678775479544613,0.3426317478561563,1
2048,298,0.3273566748271153,0.006548867957586041,0.31452112949073824,0.3401922201634923,1
2048,299,0.3293098987606618,0.006615896274195014,0.31634298033778685,0.34227681718353675,1
2048,300,0.33277590210464947,0.006638563153961839,0.3197645574137896,0.3457872467955093,1
2048,301,0.33575692092079457,0.006474955078590224,0.323066242165243,0.34844759967634614,1
2048,302,0.3347929146216029,0.00656355493008981,0.32192858334807656,0.3476572458951292,1
2048,303,0.33374150417230874,0.006515871411607841,0.3209706308776632,0.3465123774669543,1
2048,304,0.3230072628914142,0.00646579479645887,0.3103345379589283,0.3356799878239001,1
2048,305,0.3281241775830076,0.00660843071562419,0.31517189138605595,0.34107646377995926,1
2048,306,0.33489010158093224,0.0065885196397660025,0.3219768403755561,0.3478033627863084,1
2048,307,0.3271011943531245,0.0065702904217610795,0.3142236617585043,0.3399787269477447,1
2048,308,0.33269440671045164,0.006560312723812823,0.31983643004445866,0.3455523833764446,1
2048,309,0.3294770812395119,0.006651936853787737,0.31643952457865326,0.34251463790037057,1
2048,310,0.34081558212588214,0.006640871171558378,0.3277997138036574,0.3538314504481069,1
2048,311,0.3231118925323723,0.006459493071270044,0.310451518754297,0.33577226631044765,1
2048,312,0.3387268371969534,0.006667644010981746,0.325658495073695,0.3517951793202118,1
2048,313,0.3368876144075571,0.006715659484813017,0.3237251636848888,0.3500500651302254,1
2048,314,0.3207990066943184,0.006610137127256386,0.3078433759920248,0.33375463739661193,1
2048,315,0.32701231240593553,0.006655581542720178,0.3139676122860345,0.3400570125258366,1
2048,316,0.33136745978923465,0.006509672865273673,0.3186087354221606,0.3441261841563087,1
2048,317,0.33498540932190396,0.006627738589257445,0.32199528038801306,0.34797553825579486,1
2048,318,0.32860849011188675,0.006543427341579768,0.31578360818693574,0.34143337203683777,1
2048,319,0.3390999774572989,0.006633815852186471,0.32609793730694253,0.3521020176076553,1
2048,320,0.33159739139639344,0.006550645282743206,0.3187583625667196,0.3444364202260673,1
2048,321,0.32459797201853674,0.006614590382131985,0.311633613097073,0.3375623309400005,1
2048,322,0.3370648280445738,0.006598257526512203,0.32413248093188957,0.3499971751572581,1
2048,323,0.33745086048848255,0.006623041987177483,0.3244699367255181,0.350431784251447,1
2048,324,0.32958878689466564,0.006615063324273136,0.3166235010236385,0.3425540727656928,1
2048,325,0.345375050749832,0.006653747315305599,0.33233394564960295,0.35841615585006104,1
2048,326,0.3391934143017181,0.006599259936697502,0.32625910250117296,0.3521277261022633,1
2048,327,0.3304768621136748,0.006614264818065046,0.3175131412860569,0.34344058294129265,1
2048,328,0.32908718697291894,0.00646322112416903,0.31641950634542915,0.34175486760040874,1
2048,329,0.33164356534564077,0.006536920260732184,0.3188314370647955,0.34445569362648604,1
2048,330,0.3319217004641959,0.0067021328539752754,0.31878576145080173,0.34505763947759005,1
2048,331,0.33850123888143757,0.006654607312395694,0.3254584482178851,0.35154402954499003,1
2048,332,0.3455777781408039,0.006664441153374281,0.33251571350310377,0.3586398427785041,1
2048,333,0.3350597113268186,0.006541231148790927,0.32223913386063685,0.34788028879300037,1
2048,334,0.32872305158881077,0.00658321301562493,0.3158201911756306,0.34162591200199094,1
2048,335,0.3369241794728097,0.006697677492823213,0.3237969728068117,0.35005138613880776,1
2048,336,0.3387264808764785,0.0066644380296649415,0.32566442236113613,0.35178853939182086,1
2048,337,0.328524245837405,0.006589204250898833,0.3156096428188651,0.34143884885594494,1
2048,338,0.3447795248224901,0.0067317771716428375,0.3315854840141212,0.35797356563085897,1
2048,339,0.33530330348286824,0.006653330121404277,0.32226301606766034,0.34834359089807615,1
2048,340,0.32779854118071516,0.006520902257910256,0.3150178076085052,0.34057927475292515,1
2048,341,0.3244411726147382,0.0065601507664685196,0.31158351337930706,0.33729883185016934,1
2048,342,0.33333562908001035,0.006613758861056296,0.32037289990990736,0.34629835825011335,1
2048,343,0.3474820463094307,0.006708463791710657,0.33433369888608677,0.3606303937327746,0
2048,344,0.3261919940108983,0.00643583599799016,0.3135779872444312,0.33880600077736545,1
2048,345,0.3479797963855576,0.006635230521535502,0.3349749835342271,0.3609846092368881,0
2048,346,0.32505138123350585,0.006480723989479132,0.312349395620382,0.3377533668466297,1
2048,347,0.3399691085467512,0.006639249251288819,0.32695641912984064,0.3529817979636618,1
2048,348,0.3301950688037861,0.006520819226667985,0.3174144979698205,0.34297563963775163,1
2048,349,0.3289203777059892,0.00659846118910988,0.3159876314219485,0.3418531239900299,1
2048,350,0.3320078309267175,0.006616714539158529,0.31903930873398423,0.34497635311945074,1
2048,351,0.34347237611767156,0.006656662828427369,0.3304255567167274,0.3565191955186157,1
2048,352,0.33321282412110986,0.0066670425381500096,0.32014566086293933,0.3462799873792804,1
2048,353,0.3337709361771036,0.006568449939840766,0.32089701086076144,0.3466448614934458,1
2048,354,0.33283781601770857,0.006664747756334834,0.31977515044924815,0.345900481586169,1
2048,355,0.32935553613112445,0.006562185779542246,0.31649388834336073,0.34221718391888817,1
2048,356,0.33556997941721983,0.006546845453688189,0.3227383981156412,0.34840156071879846,1
2048,357,0.33205210756392073,0.006511963605323561,0.319288893428851,0.3448153216989905,1
2048,358,0.33607459239913373,0.006589687041236268,0.32315904312892035,0.3489901416693471,1
2048,359,0.33594807160407225,0.006697568682773148,0.3228210782018535,0.349075065006291,1
2048,360,0.32424750025079224,0.006585169831436465,0.31134080454909707,0.3371541959524874,1
2048,361,0.3284944015053738,0.00658574269519619,0.3155865830113415,0.34140221999940606,1
2048,362,0.32363361971205235,0.00654924431992774,0.3107973367190405,0.3364699027050642,1
2048,363,0.33118107685774145,0.0065256793999150815,0.31839098025925294,0.34397117345622996,1
2048,364,0.33483154542860516,0.006448497709972467,0.3221927221626701,0.34747036869454023,1
2048,365,0.3251317899962331,0.0065528323024237915,0.3122884746867518,0.3379751053057144,1
2048,366,0.33498539612937306,0.0064953765590112155,0.32225469200768536,0.34771610025106076,1
2048,367,0.34674228840572413,0.0067402787229350935,0.3335315848630097,0.35995299194843855,0
2048,368,0.3342092179632643,0.006648779286675573,0.32117785002022425,0.34724058590630436,1
2048,369,0.3449896629887661,0.006580101525145223,0.3320929009848644,0.3578864249926678,1
2048,370,0.34052956465357404,0.00669770347419464,0.32740230706502377,0.3536568222421243,1
2048,371,0.33215876206227446,0.006613942409599608,0.31919567314363717,0.34512185098091175,1
2048,372,0.3309071878064749,0.006603434516250487,0.31796469398035526,0.3438496816325945,1
2048,373,0.3387986131863281,0.0066624448405175575,0.325740461249929,0.3518567651227272,1
2048,374,0.32619986753168184,0.006565582641687908,0.3133315620164522,0.3390681730469115,1
2048,375,0.3292887754861958,0.006477924121198688,0.3165922775140631,0.34198527345832846,1
2048,376,0.33143815399271703,0.006618352418065988,0.3184664216163141,0.34440988636911996,1
2048,377,0.3376507338493989,0.006676403948418673,0.3245652225642573,0.35073624513454055,1
2048,378,0.3220722407126758,0.006585305347312155,0.309165279404745,0.33497920202060666,1
2048,379,0.34168156798959576,0.006669646971839122,0.32860930013519446,0.35475383584399706,1
2048,380,0.3368115752250205,0.0066522131523606256,0.32377347702891,0.34984967342113094,1
2048,381,0.3240721184028402,0.00652975511048003,0.311274033558433,0.3368702032472474,1
2048,382,0.3268420780199332,0.006572448603085856,0.31396031546764436,0.33972384057222205,1
2048,383,0.33078454314167877,0.0065997013331136915,0.31784936622005494,0.3437197200633026,1
2048,384,0.33270684156915864,0.006518664611656193,0.31993049370301674,0.34548318943530054,1
2048,385,0.3298542795560819,0.006433555637974567,0.3172447422131171,0.34246381689904665,1
2048,386,0.33261459390152437,0.006567352163717387,0.3197428201868471,0.34548636761620166,1
2048,387,0.3322539642243605,0.006638556731964018,0.3192426321203851,0.34526529632833586,1
2048,388,0.34268626726328777,0.006701541905608048,0.32955148648741006,0.3558210480391655,1
2048,389,0.31967989882385595,0.00646099348383919,0.30701658429118317,0.3323432133565287,0
2048,390,0.32324618045452413,0.0064013485349583505,0.31069976787351755,0.3357925930355307,1
2048,391,0.3346257440386501,0.0065931945307489605,0.32170332021531567,0.3475481678619845,1
2048,392,0.329041606389567,0.006539957163360174,0.3162235258889463,0.34185968689018764,1
2048,393,0.33765835077512796,0.006635930891067707,0.32465216522473844,0.3506645363255175,1
2048,394,0.32931122633682697,0.006548457637404864,0.3164764852132272,0.34214596746042675,1
2048,395,0.34166765920004916,0.006619078609579437,0.328694503514434,0.3546408148856643,1
2048,396,0.3249325200813908,0.006556754782879796,0.31208151685148566,0.3377835233112959,1
2048,397,0.34277473272177245,0.006519905402963753,0.3299959529493554,0.3555535124941895,1
2048,398,0.33493691673104053,0.006502396850647751,0.32219245309058425,0.3476813803714968,1
2048,399,0.3381195446398708,0.00664958084020213,0.32508660568078707,0.35115248359895457,1
8192,0,0.33466205487439177,0.003297427943409424,0.3281992148636933,0.34112489488509024,1
8192,1,0.3366099612477241,0.003328989259097005,0.33008526219497325,0.3431346603004749,1
8192,2,0.332577502991371,0.0032818766321469706,0.32614514299065933,0.3390098629920827,1
8192,3,0.33444075115560434,0.0032919204824659125,0.3279887055700014,0.34089279674120726,1
8192,4,0.3333082740911055,0.0033027697896704225,0.32683496425412456,0.3397815839280865,1
8192,5,0.3337197345824293,0.0032921919480833907,0.3272671569339931,0.3401723122308655,1
8192,6,0.33181440766587195,0.00329327483771272,0.325359707592763,0.3382691077389809,1
8192,7,0.3293925136075778,0.003277635045363429,0.3229684669641992,0.33581656025095646,1
8192,8,0.33816169520017053,0.0033180346738157,0.33165846674003663,0.34466492366030443,1
8192,9,0.3393305917574408,0.0033151994519482557,0.3328329202300553,0.3458282632848263,1
8192,10,0.3365344630279009,0.0032923966680744373,0.33008148413565536,0.34298744192014646,1
8192,11,0.3330347977781414,0.003310576372589642,0.32654618731979645,0.3395234082364863,1
8192,12,0.3337477294317869,0.0033008215486655525,0.3272782380770087,0.3402172207865651,1
8192,13,0.3299227017830544,0.0032697926116344103,0.32351402602733575,0.336331377538773,1
8192,14,0.32829824491829956,0.003283221126622202,0.32186324975683905,0.3347332400797601,1
8192,15,0.3385188485264675,0.003290230597547385,0.33207011505444295,0.3449675819984921,1
8192,16,0.3365292955966701,0.003297136664815415,0.33006702648152536,0.34299156471181486,1
8192,17,0.33170018572188686,0.0032637586870732566,0.32530333624099356,0.33809703520278017,1
8192,18,0.3317958137065361,0.0032825043932478404,0.32536222331667586,0.33822940409639635,1
8192,19,0.33241189106949925,0.0032972732955671435,0.32594935416300197,0.33887442797599654,1
8192,20,0.3333519903888853,0.003293417960934656,0.32689700979941605,0.33980697097835455,1
8192,21,0.3297327912523469,0.0032709712896786458,0.32332180533011223,0.33614377717458155,1
8192,22,0.3327364872447439,0.0032626846836208974,0.3263417427719365,0.33913123171755133,1
8192,23,0.33411622434696797,0.0033113156225396422,0.32762616498534547,0.3406062837085905,1
8192,24,0.3277922020604524,0.003264872756128112,0.3213931690443353,0.3341912350765695,1
8192,25,0.3309207574758586,0.0032847482663958274,0.3244827691754424,0.3373587457762748,1
8192,26,0.331997996600768,0.0033001091683562446,0.32552990148573935,0.33846609171579667,1
8192,27,0.3347154698351178,0.003324688501087796,0.3281992001131713,0.3412317395570643,1
8192,28,0.3332166095610446,0.003310875299080329,0.3267274132175439,0.3397058059045453,1
8192,29,0.3321716090755075,0.003293755017766635,0.32571596786678686,0.3386272502842282,1
8192,30,0.33600123279928656,0.0033004066448288753,0.3295325546410853,0.34246991095748786,1
8192,31,0.33399977849527324,0.003289130245579485,0.32755320167347607,0.3404463553170704,1
8192,32,0.33846661989710025,0.0033061605937810498,0.33198666420618383,0.34494657558801667,1
8192,33,0.3355572612381413,0.0033155647235934343,0.32905887379148663,0.34205564868479593,1
8192,34,0.3374878498821705,0.003285256666876799,0.3310488651351219,0.34392683462921914,1
8192,35,0.3346321936941772,0.0032895641990677792,0.328184766339172,0.3410796210491824,1
8192,36,0.32942532598131424,0.0032690745792042426,0.3230180575432985,0.33583259441933,1
8192,37,0.3384821563811209,0.003308265575463729,0.3319980750019183,0.3449662377603235,1
8192,38,0.3367428170238638,0.003315479492508517,0.330244596627066,0.34324103742066164,1
8192,39,0.3339953737860907,0.0032978936470023723,0.32753162101312255,0.3404591265590588,1
8192,40,0.3348579314800163,0.0032999413076126487,0.3283901653659995,0.3413256975940331,1
8192,41,0.32955134005776027,0.0032680305343720816,0.3231461179100138,0.33595656220550674,1
8192,42,0.3374244609860148,0.0033149860906462525,0.33092720763909694,0.34392171433293267,1
8192,43,0.3328921536950571,0.003284372017768031,0.3264549028284006,0.33932940456171357,1
8192,44,0.3327169388356947,0.003258975373745807,0.32632946447664996,0.33910441319473944,1
8192,45,0.3335107662653347,0.003276466399785448,0.32708901012519964,0.3399325224054698,1
8192,46,0.3355073089082643,0.00328665492650746,0.32906558362269855,0.34194903419383005,1
8192,47,0.3362783356437645,0.003281890054787956,0.3298459493351599,0.3427107219523691,1
8192,48,0.33266514662399876,0.0032778272684524474,0.3262407232302887,0.33908957001770884,1
8192,49,0.33499905256386053,0.0032971529569320686,0.32853675151675393,0.34146135361096713,1
8192,50,0.33327220980794836,0.0032884126493392283,0.32682703944893754,0.3397173801669592,1
8192,51,0.33205667761154867,0.003275419432615613,0.32563697348935944,0.3384763817337379,1
8192,52,0.3368994520559792,0.0033127083489431666,0.33040666300076543,0.343392241111193,1
8192,53,0.3317166187181571,0.003291918441530364,0.3252645771327144,0.3381686603035998,1
8192,54,0.3358726352463273,0.003324568434997808,0.32935660084959295,0.3423886696430617,1
8192,55,0.3308000125210903,0.003280034147658251,0.32437126372361863,0.337228761318562,1
8192,56,0.3303251058032215,0.003283092106232741,0.32389036351707756,0.33675984808936543,1
8192,57,0.33147464991566283,0.0032546091067181546,0.32509573328273916,0.3378535665485865,1
8192,58,0.33311695181873335,0.0032756059931612065,0.32669688204459385,0.33953702159287286,1
8192,59,0.3277697827828213,0.003243887764634603,0.32141187959424733,0.3341276859713953,1
8192,60,0.3386267203538123,0.0033054256319894957,0.33214820516153737,0.34510523554608724,1
8192,61,0.32980126893451495,0.0032973488664012917,0.32333858391190445,0.33626395395712544,1
8192,62,0.3313348653850249,0.003286900804152989,0.3248926581881293,0.33777707258192047,1
8192,63,0.3372663623240946,0.0032973311685405874,0.3308037119886537,0.34372901265953554,1
8192,64,0.3284563843652578,0.003245015208976495,0.32209627142637914,0.3348164973041365,1
8192,65,0.3383284881038779,0.0033205876671492,0.3318202558687576,0.3448367203389982,1
8192,66,0.3235559446803763,0.0032321785931148117,0.31722099104626994,0.32989089831448265,0
8192,67,0.3342502372128693,0.0033124674104775256,0.3277579203883707,0.34074255403736786,1
8192,68,0.3376584427212583,0.0033360641151272117,0.33111987720549246,0.3441970082370241,1
8192,69,0.3323671777028553,0.003262693724479331,0.32597241551029094,0.33876193989541964,1
8192,70,0.3316773048627506,0.003279260517094356,0.3252500723533215,0.3381045373721797,1
8192,71,0.33147218959267233,0.00326718306539193,0.32506862845360496,0.3378757507317397,1
8192,72,0.33311086039644744,0.0033023660032159116,0.32663834196637476,0.3395833788265201,1
8192,73,0.3358723737799527,0.00332489176530708,0.32935570566745703,0.3423890418924484,1
8192,74,0.33314406821796405,0.0032803833614228712,0.3267146349740908,0.3395735014618373,1
8192,75,0.3344733838835492,0.0033363830415611352,0.3279341932834592,0.3410125744836392,1
8192,76,0.3343203642481015,0.003293229198995325,0.327865753625235,0.34077497487096803,1
8192,77,0.3272052931227987,0.0032747751163935282,0.32078685183719946,0.333623734408398,1
8192,78,0.3312022524550046,0.0032852285013683005,0.32476332291133825,0.337641181998671,1
8192,79,0.334017645413557,0.003308317061827748,0.32753346312293524,0.34050182770417875,1
8192,80,0.3321932406939854,0.0033004845586427165,0.3257244098275151,0.33866207156045575,1
8192,81,0.33429954484319524,0.0032729594519117504,0.32788466219458823,0.34071442749180225,1
8192,82,0.32975654292398837,0.003265151858119851,0.3233569628780194,0.33615612296995734,1
8192,83,0.3360978933767187,0.003322527771994769,0.32958585860597484,0.34260992814746255,1
8192,84,0.32743402461374993,0.0032955958722019675,0.3209747753966352,0.33389327383086465,1
8192,85,0.340403642594452,0.0033284743713417465,0.33387995270315757,0.3469273324857464,0
8192,86,0.334599309971679,0.0032853065011073847,0.32816022755133323,0.3410383923920248,1
8192,87,0.33476020780357646,0.00331651064913277,0.32825996637693267,0.34126044923022025,1
8192,88,0.3273797815349525,0.0032833619656449727,0.3209445103340797,0.3338150527358253,1
8192,89,0.3250768744344136,0.003261355261700749,0.3186847355806899,0.33146901328813727,0
8192,90,0.3362816412281058,0.0033288608908430737,0.32975719377250945,0.3428060886837021,1
8192,91,0.33137010733203287,0.0032661053912228797,0.3249686583955239,0.33777155626854183,1
8192,92,0.3405438278249449,0.0033092784204816037,0.33405776130598536,0.34702989434390447,0
8192,93,0.33472697980774335,0.0033160060424798805,0.3282277273919656,0.3412262322235211,1
8192,94,0.33437392244534464,0.0032905286658183866,0.327924604770244,0.3408232401204453,1
8192,95,0.32886071899499714,0.0032767661969313588,0.3224383752632534,0.33528306272674085,1
8192,96,0.33789844392596513,0.0033255510538873125,0.3313804836315968,0.3444164042203335,1
8192,97,0.3288240791487412,0.0032906874414940957,0.3223744502790345,0.33527370801844786,1
8192,98,0.33331919160845586,0.003302825856976731,0.3268457718815738,0.3397926113353379,1
8192,99,0.33884744597557637,0.003309499641916494,0.33236094587057186,0.3453339460805809,1
8192,100,0.3337644768567518,0.003288818207561,0.32731851161823267,0.34021044209527096,1
8192,101,0.3255799997622851,0.00328431890499476,0.3191428529947513,0.33201714652981884,0
8192,102,0.3349397212543388,0.003311825809685473,0.32844866194428507,0.3414307805643925,1
8192,103,0.33238196155108335,0.003265419719729985,0.3259818565060057,0.338782066596161,1
8192,104,0.3342258701620189,0.003298091855395391,0.327761728907739,0.34069001141629873,1
8192,105,0.33845214583094907,0.00330846293005803,0.3319676776438495,0.34493661401804865,1
8192,106,0.3338869966252105,0.00329618886214261,0.3274265851691689,0.3403474080812521,1
8192,107,0.337744076385492,0.0033188463783861903,0.3312392570136338,0.3442488957573501,1
8192,108,0.3285939846650465,0.003282224456655213,0.32216094294082576,0.3350270263892673,1
8192,109,0.332853796002914,0.0032904329510717147,0.32640466592526957,0.3393029260805584,1
8192,110,0.33471273202548424,0.003309385981092177,0.32822645469160183,0.34119900935936665,1
8192,111,0.33282482067341146,0.00329665132471087,0.3263635028073919,0.339286138539431,1
8192,112,0.3399164165016941,0.003330574607931698,0.33338861022232436,0.3464442227810638,0
8192,113,0.33366735062449754,0.0033011494918747442,0.32719721651284034,0.34013748473615474,1
8192,114,0.3362480982860915,0.0033289564478444253,0.329723463542214,0.34277273302996897,1
8192,115,0.3338558608094795,0.0032976613283614907,0.32739256337268047,0.3403191582462785,1
8192,116,0.3359061332177306,0.00330358218260986,0.32943123111984707,0.34238103531561415,1
8192,117,0.3392377026898381,0.0033096648004184172,0.33275087888011806,0.34572452649955815,1
8192,118,0.32985188396227666,0.0032981835244271056,0.32338756303999616,0.33631620488455716,1
8192,119,0.3358767363083299,0.003286846891918286,0.32943463477747265,0.3423188378391872,1
8192,120,0.33303908374327806,0.003280596823324418,0.3266092321217657,0.33946893536479045,1
8192,121,0.33583002244388244,0.0033127616660746564,0.32933712888901123,0.34232291599875364,1
8192,122,0.3355240658463311,0.0033081969635172124,0.3290401189440726,0.3420080127485896,1
8192,123,0.3322152781920368,0.0033041453332857654,0.3257392723391106,0.33869128404496296,1
8192,124,0.338466834104555,0.00330361972990291,0.33199185841532936,0.3449418097937807,1
8192,125,0.3303723852553393,0.003263901758470666,0.3239752553596598,0.3367695151510188,1
8192,126,0.3299719396768625,0.0032522958211532553,0.323597557000332,0.336346322353393,1
8192,127,0.3342028403443102,0.0032994930023541777,0.32773595289245405,0.34066972779616633,1
8192,128,0.33433501760771156,0.003294323186190223,0.3278782628093435,0.3407917724060796,1
8192,129,0.33689229572569035,0.0032965186409355134,0.3304312379150918,0.3433533535362889,1
8192,130,0.3294799408918712,0.003254979975662081,0.32310029736917445,0.335859584414568,1
8192,131,0.33726748208598134,0.0032794532347770362,0.330839871856835,0.3436950923151277,1
8192,132,0.3352890863558269,0.003294380937391928,0.3288322183671834,0.34174595434447036,1
8192,133,0.3332645388039585,0.0032829836731722126,0.326830009042708,0.33969906856520904,1
8192,134,0.3279947978664842,0.003255238588547738,0.32161464747184565,0.3343749482611228,1
8192,135,0.33715355461437047,0.0033385146025465677,0.33061018623151817,0.34369692299722276,1
8192,136,0.3290606757731859,0.003280523808549541,0.3226309672580026,0.33549038428836914,1
8192,137,0.33438422296067793,0.0033194079866607547,0.32787830285682823,0.34089014306452764,1
8192,138,0.3304913592411492,0.0032887231270962705,0.32404558035691655,0.33693713812538184,1
8192,139,0.33154962892749906,0.003280078049688704,0.3251207940836288,0.3379784637713693,1
8192,140,0.3381527912384367,0.003332174423369235,0.3316218493784275,0.34468373309844597,1
8192,141,0.3345078225201935,0.0033027246293467097,0.32803460119582056,0.34098104384456646,1
8192,142,0.3329730182037751,0.0033125931337726535,0.326480454966146,0.3394655814414042,1
8192,143,0.33186395499432275,0.003298962037328473,0.3253981082147941,0.3383298017738514,1
8192,144,0.32653026942832963,0.0032878714535385088,0.3200861597935968,0.3329743790630625,0
8192,145,0.33039054279975866,0.0032735709785313774,0.3239744615810016,0.3368066240185157,1
8192,146,0.33096698339323366,0.003301990555163031,0.3244952008278227,0.33743876595864464,1
8192,147,0.3297072403945673,0.003281118046162854,0.32327636719506364,0.3361381135940709,1
8192,148,0.3301777769628442,0.0032477544260684217,0.3238122952571196,0.3365432586685689,1
8192,149,0.3360867639138397,0.0032821564622745095,0.3296538554561562,0.34251967237152314,1
8192,150,0.3336874740717458,0.0032672689011318053,0.3272837446977197,0.34009120344577193,1
8192,151,0.3370028394005517,0.0032883975102636956,0.3305576987135837,0.3434479800875197,1
8192,152,0.3289027568087043,0.003288465471717131,0.3224574829197352,0.3353480306976734,1
8192,153,0.33255718698701714,0.0032969866749496847,0.3260952118466073,0.339019162127427,1
8192,154,0.33675091647737826,0.0033219535031960854,0.3302400072527973,0.34326182570195923,1
8192,155,0.33068201648669726,0.0032778400300632325,0.3242575680806896,0.3371064648927049,1
8192,156,0.3347195491577074,0.0033081531411215215,0.3282356881457662,0.3412034101696486,1
8192,157,0.3302075377122824,0.0032637350907884135,0.32381073447925757,0.3366043409453072,1
8192,158,0.3385155621694119,0.00331474846620678,0.33201877455783724,0.3450123497809866,1
8192,159,0.3308062576110112,0.00330363299351224,0.3243312559255889,0.33728125929643343,1
8192,160,0.33030605524381546,0.0032787448188518428,0.32387983348436855,0.33673227700326236,1
8192,161,0.33416604180579246,0.003302508065453549,0.32769324493885044,0.3406388386727345,1
8192,162,0.3310227055693715,0.0032604122058088494,0.32463241507123136,0.3374129960675117,1
8192,163,0.32836058597664375,0.0032862660585114296,0.32191962285834497,0.33480154909494253,1
8192,164,0.3356431139664906,0.0033012755201797923,0.3291727328438945,0.3421134950890867,1
8192,165,0.3327251824187488,0.0033007637959408423,0.32625580425723105,0.3391945605802666,1
8192,166,0.3337452218337705,0.0033157754670806398,0.32724642133747095,0.34024402233007,1
8192,167,0.3376873728266312,0.003292504241998568,0.33123418309336866,0.3441405625598937,1
8192,168,0.33279109051212863,0.0032618838015077245,0.3263979157394189,0.33918426528483836,1
8192,169,0.3323911263013013,0.003303398210913454,0.32591658478131685,0.33886566782128574,1
8192,170,0.3323751278509731,0.0033103939698573364,0.3258868748954142,0.33886338080653206,1
8192,171,0.3311034542936099,0.003338300078862502,0.32456050636945216,0.3376464022177676,1
8192,172,0.3368532115076136,0.0033066904389200727,0.33037221733930733,0.3433342056759199,1
8192,173,0.33277757022710863,0.0032842789110810295,0.3263405018462054,0.3392146386080119,1
8192,174,0.33845264113496193,0.0032959953634606287,0.3319926089293681,0.34491267334055575,1
8192,175,0.33447411115241443,0.0032952271827258964,0.3280155845533943,0.34093263775143456,1
8192,176,0.3319757031637773,0.003268514140464616,0.32556953316550674,0.3383818731620478,1
8192,177,0.3326604075909654,0.003286597568837646,0.3262187947243667,0.33910202045756405,1
8192,178,0.33455737743580394,0.003302872676861001,0.328083865943635,0.3410308889279729,1
8192,179,0.3323519726326003,0.0033228386876080853,0.3258393284784521,0.3388646167867485,1
8192,180,0.335038151951606,0.0032919783769524156,0.32858599289489465,0.3414903110083174,1
8192,181,0.3270542576366961,0.0032723024038460937,0.3206406627786339,0.3334678524947583,1
8192,182,0.3329695113928407,0.0032961821532528145,0.3265091130859815,0.3394299096996999,1
8192,183,0.33010805063326054,0.003268039349133831,0.3237028112088985,0.3365132900576226,1
8192,184,0.33387843311177207,0.0033011069018172353,0.3274083824750937,0.34034848374845045,1
8192,185,0.33109852961891245,0.003320921496866313,0.3245896430895696,0.3376074161482553,1
8192,186,0.3347965677863691,0.0032995696593125265,0.3283295300896355,0.34126360548310275,1
8192,187,0.3361191829389295,0.003310853827242868,0.3296300286794569,0.3426083371984021,1
8192,188,0.33422960792867706,0.0033214147727019653,0.3277197545964619,0.3407394612608922,1
8192,189,0.32685384425944763,0.0032736940981979417,0.3204375217305783,0.33327016678831695,0
8192,190,0.334225351575206,0.0032903383332834493,0.3277764069450189,0.3406742962053931,1
8192,191,0.33436940029295187,0.003275393203474364,0.32794974757893486,0.3407890530069689,1
8192,192,0.33204852499404003,0.0032654557104852427,0.3256483494083783,0.3384487005797018,1
8192,193,0.3383229479985679,0.003328705126877812,0.33179880583473353,0.3448470901624022,1
8192,194,0.33448251182678235,0.0033235325804738427,0.32796850766760816,0.34099651598595654,1
8192,195,0.333219476247099,0.0033063280074280854,0.3267391924314639,0.33969976006273417,1
8192,196,0.33206961285863756,0.003292585644330441,0.3256162635797363,0.33852296213753885,1
8192,197,0.3341829357747569,0.003275283123204847,0.3277634988141035,0.3406023727354103,1
8192,198,0.33786577198707496,0.00331324434908192,0.3313719323908935,0.3443596115832564,1
8192,199,0.3336281099951665,0.0033347264944061385,0.327092166167839,0.34016405382249404,1
8192,200,0.3344401072241946,0.0033098392649670784,0.3279529414702426,0.34092727297814657,1
8192,201,0.3334319757743509,0.0033120619727170335,0.32694045359326085,0.33992349795544097,1
8192,202,0.3389342649108935,0.003319189488660542,0.3324287730552549,0.3454397567665321,1
8192,203,0.3328558856648983,0.0032836621864547485,0.32642002604205095,0.3392917452877457,1
8192,204,0.33088291715597873,0.0032788619858371676,0.3244564657534604,0.3373093685584971,1
8192,205,0.3304694858091921,0.00325533255070979,0.3240891512521,0.3368498203662842,1
8192,206,0.3336584383268522,0.0032699792413831575,0.32724939678354764,0.3400674798701568,1
8192,207,0.33255908040871185,0.0032778286175690796,0.32613465437078176,0.33898350644664194,1
8192,208,0.33074339688522936,0.00329598323724515,0.3242833884465811,0.3372034053238776,1
8192,209,0.3438380066512423,0.0033219950963513166,0.33732701590557507,0.35034899739690956,0
8192,210,0.32903883667734,0.0032945518426431715,0.3225816337205593,0.3354960396341207,1
8192,211,0.336082228735365,0.0032850933606818713,0.32964356406257683,0.3425208934081531,1
8192,212,0.32870032603197014,0.0032766322415370922,0.3222782448479747,0.3351224072159656,1
8192,213,0.33157491709110626,0.0032761792373762126,0.32515372377895096,0.33799611040326155,1
8192,214,0.33437078568878853,0.0033341029288270676,0.32783606402753795,0.3409055073500391,1
8192,215,0.3329536866171023,0.003321522843739124,0.32644362146954653,0.33946375176465804,1
8192,216,0.3312830099687114,0.00330029705500779,0.32481454660261255,0.33775147333481026,1
8192,217,0.32828514043945856,0.0032645776050668784,0.32188668590879144,0.3346835949701257,1
8192,218,0.33204311494060196,0.003299099545429852,0.325576998650147,0.3385092312310569,1
8192,219,0.3366807284541291,0.003291635730634346,0.3302292409718606,0.3431322159363976,1
8192,220,0.3324877247680761,0.0032862867091382913,0.3260467211752924,0.3389287283608598,1
8192,221,0.33874394153860155,0.0032868747085969497,0.33230178548805595,0.34518609758914715,1
8192,222,0.3386186755348284,0.003322741905022145,0.33210622107106297,0.3451311299985938,1
8192,223,0.33070301069677427,0.003280893566372622,0.3242725774695748,0.33713344392397376,1
8192,224,0.3358624238214586,0.003328218936439167,0.3293392345733736,0.34238561306954357,1
8192,225,0.33555407626130607,0.003314519042220948,0.3290577383124808,0.3420504142101313,1
8192,226,0.33751171695832555,0.003289241018237052,0.33106492302610907,0.343958510890542,1
8192,227,0.33789461627250805,0.00330230243846318,0.33142222242706143,0.3443670101179547,1
8192,228,0.3390821447897072,0.0033311227239628607,0.3325532642226571,0.34561102535675736,1
8192,229,0.3308402992060198,0.0032970486265657315,0.32437820264267375,0.3373023957693659,1
8192,230,0.3299801864626739,0.003268542971804198,0.3235739599560162,0.33638641296933164,1
8192,231,0.3323707905562061,0.0032948564819786233,0.32591299051729966,0.33882859059511256,1
8192,232,0.32819438674579604,0.0032842657570179056,0.3217573441463828,0.3346314293452093,1
8192,233,0.33389986651257375,0.0032737162789842995,0.32748350051016206,0.34031623251498544,1
8192,234,0.33057468228938314,0.003308393961676685,0.32409034927782704,0.33705901530093924,1
8192,235,0.3352465106846221,0.0033026414779703047,0.32877345233395217,0.341719569035292,1
8192,236,0.3345640551234088,0.0032981018002933,0.3280998943774872,0.3410282158693304,1
8192,237,0.33598828419784577,0.003312515630607406,0.32949587286362925,0.3424806955320623,1
8192,238,0.3356146367362916,0.003282368466673276,0.329181312757622,0.3420479607149612,1
8192,239,0.33670400533976375,0.0033067553099127445,0.3302228840266482,0.3431851266528793,1
8192,240,0.33113988455926124,0.003285035299881478,0.3247013336835508,0.3375784354349717,1
8192,241,0.33186043812990973,0.0032923796418515366,0.3254074926084478,0.33831338365137165,1
8192,242,0.3327601528523785,0.003306808875276123,0.3262789265530799,0.33924137915167707,1
8192,243,0.33496555664527927,0.0033226794499531327,0.3284532245911998,0.34147788869935874,1
8192,244,0.3338229924390054,0.00328576851484185,0.3273830044883797,0.34026298038963104,1
8192,245,0.3316877509006751,0.0032864896358070946,0.325246349578929,0.3381291522224212,1
8192,246,0.33689290439626907,0.0033336490871234818,0.3303590722484122,0.3434267365441259,1
8192,247,0.3344654150051665,0.003300380571985104,0.3279967879488,0.34093404206153305,1
8192,248,0.3346415826800352,0.003281685687434848,0.3282095969240823,0.3410735684359881,1
8192,249,0.3375858450297167,0.0033050209079388444,0.3311081230820047,0.34406356697742874,1
8192,250,0.3337426653568991,0.0032829437063437938,0.32730821392919285,0.3401771167846054,1
8192,251,0.3343312060164868,0.0032765250562132343,0.3279093349118658,0.3407530771211078,1
8192,252,0.3384618409278647,0.003296550325581424,0.3320007210165013,0.3449229608392281,1
8192,253,0.3291479492065812,0.003280997573754392,0.3227173121286593,0.3355785862845031,1
8192,254,0.3264038223565465,0.003228904305246259,0.32007528620873754,0.3327323585043555,0
8192,255,0.3372935121571603,0.0033125757398999194,0.33080098301089533,0.34378604130342527,1
8192,256,0.33922199131926745,0.0033046412706625498,0.3327450134469442,0.3456989691915907,1
8192,257,0.33216618210568916,0.00329132400532059,0.3257153055938087,0.33861705861756963,1
8192,258,0.33351277950870417,0.0033027263632627196,0.3270395547859183,0.33998600423149006,1
8192,259,0.3306816011685266,0.0032894102886191945,0.32423447547245743,0.3371287268645957,1
8192,260,0.3291586010686184,0.0032874890216455024,0.3227152409866224,0.33560196115061436,1
8192,261,0.3313206173369217,0.0032786349964451294,0.32489461082543664,0.33774662384840676,1
8192,262,0.33244868069011546,0.003280867498371315,0.32601829855525966,0.33887906282497127,1
8192,263,0.33366499112331216,0.0033088913550318373,0.32717968323869384,0.3401502990079305,1
8192,264,0.3369695295990732,0.003262915943975789,0.3305743318642992,0.34336472733384726,1
8192,265,0.3305901635137488,0.003289441349777959,0.3241429769389272,0.33703735008857044,1
8192,266,0.3377050794337901,0.003314713499142165,0.3312083603564027,0.34420179851117744,1
8192,267,0.3316076828625164,0.0032706847034337837,0.3251972586390001,0.3380181070860327,1
8192,268,0.33127006089160616,0.0032936638485528682,0.3248145983712609,0.3377255234119514,1
8192,269,0.3283269749440103,0.0032497184970640357,0.3219576437298712,0.33469630615814944,1
8192,270,0.32955437803362925,0.003282518787164675,0.3231207594322104,0.3359879966350481,1
8192,271,0.33605928051530176,0.003320533649507756,0.3295511541528132,0.3425674068777903,1
8192,272,0.3306429609743762,0.0032724485297671124,0.3242290797147716,0.33705684223398075,1
8192,273,0.327458585596077,0.0032634627611970953,0.321062316119243,0.33385485507291096,1
8192,274,0.3309255147863284,0.0032866396862360147,0.3244838193711458,0.33736721020151106,1
8192,275,0.33046848249948035,0.003287161904741577,0.32402576355483476,0.33691120144412595,1
8192,276,0.3326365406454177,0.0032959442541827724,0.32617660861216774,0.33909647267866766,1
8192,277,0.3388792785596284,0.0033088521041031763,0.3323940476054166,0.34536450951384023,1
8192,278,0.3370636990672619,0.003308284285377647,0.3305795810173019,0.34354781711722193,1
8192,279,0.3314892089852523,0.003283622867976219,0.3250534264252068,0.3379249915452978,1
8192,280,0.3329084962923955,0.0033123716703324212,0.32641636711513317,0.3394006254696578,1
8192,281,0.3256789974166726,0.0032659359962777974,0.3192778804881552,0.33208011434519,0
8192,282,0.3338738701055388,0.0033102414013167505,0.32738591617882457,0.34036182403225307,1
8192,283,0.337631710472275,0.0033238141177017034,0.3311171545102739,0.34414626643427615,1
8192,284,0.3296405268612934,0.0032504352878285243,0.32326979076307144,0.3360112629595154,1
8192,285,0.3353772979467132,0.0032797311406250755,0.3289491430321136,0.34180545286131286,1
8192,286,0.3321304811483965,0.0032968898557142697,0.3256686957702011,0.3385922665265919,1
8192,287,0.3329146345976024,0.003261336113410218,0.3265225332738385,0.3393067359213663,1
8192,288,0.33212599306549245,0.0033050359844327298,0.32564824156839545,0.33860374456258946,1
8192,289,0.33259803717529146,0.0032703191194799227,0.32618832948315807,0.33900774486742485,1
8192,290,0.3334910770127837,0.003313082114533175,0.32699755539047487,0.3399845986350925,1
8192,291,0.33098696857057275,0.003292393539106993,0.3245339958109907,0.3374399413301548,1
8192,292,0.340665696418334,0.0033153109321682694,0.3341678063937323,0.3471635864429357,0
8192,293,0.3284400820389688,0.003296073715184535,0.321979896266818,0.3349002678111196,1
8192,294,0.3334995729814235,0.003304391986818211,0.32702308369645705,0.33997606226639,1
8192,295,0.33006323443049146,0.0032910973759252187,0.32361280210406373,0.3365136667569192,1
8192,296,0.3278148599465488,0.0032645035688689665,0.3214165505241632,0.3342131693689344,1
8192,297,0.33375911460848456,0.0032576541677193575,0.3273742297656678,0.3401439994513013,1
8192,298,0.3323584569824284,0.003285882787379928,0.32591824506174366,0.3387986689031131,1
8192,299,0.33841117537181953,0.003309728076264896,0.3319242275437193,0.34489812319991975,1
8192,300,0.3320241752763399,0.003295419286472611,0.32556527216089487,0.3384830783917849,1
8192,301,0.3373834374241176,0.0033245396477628317,0.33086745944932694,0.3438994153989082,1
8192,302,0.32922919318837485,0.0033057549636146457,0.3227500325179756,0.33570835385877407,1
8192,303,0.3302273272201896,0.0032868776464774737,0.323785165411504,0.3366694890288752,1
8192,304,0.3300478673333063,0.0032590768283387796,0.32366019412691327,0.3364355405396994,1
8192,305,0.32881352836326,0.003270048584386176,0.3224043509101669,0.3352227058163531,1
8192,306,0.33440574265083284,0.0032974835286564115,0.32794279369505225,0.3408686916066134,1
8192,307,0.3319173749605997,0.0032952335841432544,0.3254588358150321,0.3383759141061673,1
8192,308,0.33441019586791737,0.0032680365795807517,0.32800496187177963,0.3408154298640551,1
8192,309,0.3374061397060353,0.003309456434853355,0.33091972428531835,0.3438925551267522,1
8192,310,0.3378364294836239,0.0033178012719929945,0.33133365848265645,0.3443392004845914,1
8192,311,0.33675114897972785,0.0032949520523127135,0.3302931616264086,0.3432091363330471,1
8192,312,0.3408653632390959,0.003329953617284672,0.33433877407902907,0.3473919523991627,0
8192,313,0.328832350832774,0.003297730831184563,0.3223689171729449,0.3352957844926031,1
8192,314,0.32914094452438125,0.0032645014457788175,0.3227426392631758,0.3355392497855867,1
8192,315,0.3329572205486797,0.0032567351779413953,0.32657413689272996,0.33934030420462946,1
8192,316,0.33724312801602585,0.003313314792146159,0.33074915035397556,0.34373710567807614,1
8192,317,0.33085281814168893,0.003287710906638656,0.3244090231730976,0.33729661311028025,1
8192,318,0.33160181387059845,0.003290959063676134,0.32515165263119755,0.33805197510999935,1
8192,319,0.3271911398367824,0.0032596073985384343,0.32080242673190673,0.33357985294165804,1
8192,320,0.33596320544873337,0.003287041168703716,0.32952072314237363,0.3424056877550931,1
8192,321,0.3282886603097258,0.003303275717043753,0.32181435887331433,0.3347629617461373,1
8192,322,0.3342492643522489,0.00331635753386296,0.3277493230260194,0.3407492056784784,1
8192,323,0.3346864264882997,0.003261590117561303,0.3282938273255478,0.34107902565105164,1
8192,324,0.3318577369590636,0.003289048295121061,0.32541132075721346,0.3383041531609138,1
8192,325,0.33526030807137985,0.0032854796419008138,0.32882088630131473,0.341699729841445,1
8192,326,0.33349988478903303,0.0032924416255559236,0.32704681778174294,0.3399529517963231,1
8192,327,0.3290579899179636,0.0032814043537558067,0.32262655556588926,0.3354894242700379,1
8192,328,0.33502257994372003,0.003290115786500856,0.3285740714972117,0.3414710883902284,1
8192,329,0.3332572865652975,0.003300515464978402,0.32678839512352237,0.33972617800707267,1
8192,330,0.3390744535094977,0.0033122431437931942,0.33258257623962334,0.3455663307793721,1
8192,331,0.33065032709967046,0.003300581708202567,0.32418130582356175,0.33711934837577917,1
8192,332,0.3297198603668487,0.0033105790731798733,0.32323124461544417,0.3362084761182532,1
8192,333,0.3324740443342402,0.003273061801022905,0.3260589610850615,0.33888912758341894,1
8192,334,0.3317281065719271,0.0033207349072925407,0.32521958575142873,0.33823662739242544,1
8192,335,0.3302302394187192,0.0032743265086918384,0.3238126773880584,0.33664780144938,1
8192,336,0.33639215265001055,0.0033212585665364385,0.329882605476254,0.3429016998237671,1
8192,337,0.33589740163156667,0.0032920366738854673,0.32944512831496614,0.3423496749481672,1
8192,338,0.33123848272561546,0.003287382109930612,0.3247953321867302,0.33768163326450074,1
8192,339,0.33773936260591675,0.0033337541799400286,0.33120532447992446,0.34427340073190904,1
8192,340,0.3351946787684906,0.0033007691939838085,0.328725290027003,0.34166406750997813,1
8192,341,0.3340328855142689,0.003297585588924987,0.32756973652403765,0.34049603450450017,1
8192,342,0.3346825436176873,0.0033140777701193952,0.3281870705462885,0.3411780166890861,1
8192,343,0.3291669840071981,0.003286746992334256,0.32272507827592767,0.3356088897384686,1
8192,344,0.3387521910360264,0.00331444227068773,0.33225600355664126,0.3452483785154115,1
8192,345,0.33300674329589414,0.0032785157853433403,0.32658097043387513,0.33943251615791314,1
8192,346,0.3304195292628434,0.00326212130686779,0.3240258889881818,0.336813169537505,1
8192,347,0.3340605191172725,0.0033043504738268273,0.32758411119627406,0.340536927038271,1
8192,348,0.33057870807662226,0.00327629160835438,0.32415729452139685,0.33700012163184767,1
8192,349,0.3302475995761629,0.003268022631509533,0.3238423929177424,0.3366528062345834,1
8192,350,0.33495786946975,0.0032825865755374438,0.3285241180055619,0.34139162093393804,1
8192,351,0.3331250126196767,0.0032640860883381547,0.32672752144409567,0.3395225037952577,1
8192,352,0.3342822965916237,0.0033134930381012754,0.327787969573921,0.34077662360932637,1
8192,353,0.3367492371791812,0.003332617894772463,0.3302174261311935,0.34328104822716893,1
8192,354,0.32799313804259433,0.0032778609910246678,0.3215686485538572,0.3344176275313315,1
8192,355,0.32948143941355085,0.003274210880549303,0.32306410400988506,0.33589877481721664,1
8192,356,0.33434862111280905,0.0032949086982065625,0.32789071873197645,0.34080652349364166,1
8192,357,0.3270744736071499,0.0033023016829839278,0.3206020812424154,0.33354686597188443,1
8192,358,0.3298577992870266,0.0032633067659888814,0.3234618355551825,0.33625376301887067,1
8192,359,0.3297230802479772,0.0032867678954748296,0.32328113354730403,0.33616502694865036,1
8192,360,0.3307294862408047,0.0032969980920699586,0.32426748872325034,0.3371914837583591,1
8192,361,0.33459795789226,0.003302092950295961,0.3281259746360763,0.3410699411484437,1
8192,362,0.334265606843271,0.0033051972415585698,0.3277875392880151,0.34074367439852693,1
8192,363,0.3386084361313322,0.003318868299813205,0.33210357379426664,0.3451132984683977,1
8192,364,0.33770590935628064,0.003322241149915528,0.33119443635448925,0.34421738235807203,1
8192,365,0.33321290185082375,0.003264047390031807,0.32681548652252945,0.33961031717911805,1
8192,366,0.3318778862575593,0.0033034648419422814,0.32540321414315815,0.3383525583719605,1
8192,367,0.3280697192175649,0.00329927201415248,0.3216032648946251,0.3345361735405047,1
8192,368,0.32810140132300103,0.0032685657068811185,0.32169513025641133,0.3345076723895907,1
8192,369,0.3336155993900394,0.003296828461413461,0.32715393434246237,0.3400772644376164,1
8192,370,0.3315921097241255,0.003275641365526868,0.3251719706214232,0.3380122488268278,1
8192,371,0.33713239335011014,0.0032908784226245427,0.33068239016426604,0.34358239653595424,1
8192,372,0.333456219122926,0.003292432482654575,0.32700317003539325,0.33990926821045875,1
8192,373,0.33416482573265943,0.0033099333955547102,0.32767747548614584,0.340652175979173,1
8192,374,0.3324440821040297,0.0033019349943777337,0.32597240843575687,0.33891575577230254,1
8192,375,0.3318826622714095,0.0033096860222489714,0.3253957968676659,0.3383695276751531,1
8192,376,0.32959991336175654,0.003280066618801175,0.3231711009220142,0.3360287258014989,1
8192,377,0.33369675628354123,0.0032928922707997667,0.32724280602780337,0.3401507065392791,1
8192,378,0.33433444274385393,0.0032600524624971433,0.3279448573296484,0.34072402815805947,1
8192,379,0.33252407349283297,0.003297457805823179,0.32606117495287906,0.3389869720327869,1
8192,380,0.3353809022378491,0.0033038970900213633,0.32890538293278054,0.3418564215429177,1
8192,381,0.3281591287649325,0.003289318859640735,0.3217121822663683,0.33460607526349667,1
8192,382,0.3358837965396727,0.00331313464543198,0.32939017195869413,0.3423774211206513,1
8192,383,0.33183204853577786,0.003274591064181948,0.32541396798588457,0.33825012908567115,1
8192,384,0.3274946342195396,0.0032660814458594823,0.3210932322150805,0.3338960362239987,1
8192,385,0.3279572150253471,0.00326645631011983,0.3215550783004386,0.33435935175025555,1
8192,386,0.33087486395137605,0.0032917937019961326,0.32442306685092787,0.33732666105182424,1
8192,387,0.33736988023769426,0.0033085674014494185,0.33088520729043014,0.3438545531849584,1
8192,388,0.33760982543734475,0.003274782903711507,0.3311913688888827,0.3440282819858068,1
8192,389,0.33192269278940423,0.0032744280796086897,0.32550493168340455,0.3383404538954039,1
8192,390,0.3328778154857433,0.0032842764276879723,0.326440751972201,0.3393148789992856,1
8192,391,0.3360798339367973,0.0033045765994767994,0.3296029828176689,0.3425566850559257,1
8192,392,0.3363417119782016,0.00329760031665983,0.32987853412214047,0.34280488983426277,1
8192,393,0.33306407858707426,0.0032961146591104313,0.3266038125663033,0.33952434460784525,1
8192,394,0.32966824412721135,0.00327673960258626,0.32324595251942617,0.33609053573499653,1
8192,395,0.33085369499244843,0.0032553848795576464,0.3244732578726992,0.33723413211219766,1
8192,396,0.3306861691533982,0.003320951074666968,0.3241772246526314,0.33719511365416505,1
8192,397,0.33208208005531825,0.003298708812636745,0.32561672958706533,0.33854743052357117,1
8192,398,0.33558974141477194,0.003292932234240105,0.32913571283213033,0.34204376999741354,1
8192,399,0.33550749695986737,0.003292660538149572,0.32905400089177794,0.3419609930279568,1
32768,0,0.33218090777138465,0.0016423358335788671,0.3289619886870505,0.3353998268557188,1
32768,1,0.3349505043491543,0.0016484264914139394,0.33171964779482127,0.3381813609034873,1
32768,2,0.3346753251490048,0.0016474189092072768,0.33144644341950824,0.3379042068785013,1
32768,3,0.3358563066606796,0.0016480343220067802,0.33262621874426046,0.33908639457709877,1
32768,4,0.3333396289848127,0.0016468662374428608,0.33011183047206966,0.3365674274975557,1
32768,5,0.3347905236710675,0.00164914116825146,0.3315582663758723,0.33802278096626265,1
32768,6,0.3307773882767857,0.0016341908861493663,0.32757443299606936,0.33398034355750206,1
32768,7,0.3330134859473341,0.0016508652255926544,0.3297778495618429,0.3362491223328253,1
32768,8,0.33386156479268114,0.001655485863997754,0.3306168721223304,0.3371062574630319,1
32768,9,0.3346642760989455,0.0016529064107320968,0.33142463906409525,0.33790391313379575,1
32768,10,0.336480798425461,0.0016490360770588638,0.33324874710521846,0.3397128497457036,1
32768,11,0.331569348580538,0.0016455399415912391,0.32834414955989705,0.33479454760117894,1
32768,12,0.3340625919208365,0.0016516087177183242,0.3308254983175562,0.33729968552411677,1
32768,13,0.3343379591666152,0.0016559174641321854,0.3310924205755452,0.33758349775768515,1
32768,14,0.33321915965448856,0.0016452316933106487,0.32999456478937583,0.3364437545196013,1
32768,15,0.3331567937206946,0.001644294965821315,0.3299340348077243,0.3363795526336649,1
32768,16,0.33363035145029785,0.0016436184787867046,0.3304089184275514,0.3368517844730443,1
32768,17,0.3304383223306454,0.0016356696977831964,0.3272324686323868,0.333644176028904,1
32768,18,0.33269275515295726,0.001650084928540304,0.32945864812158593,0.3359268621843286,1
32768,19,0.33226030526499184,0.0016414811357351627,0.329043061357649,0.3354775491723347,1
32768,20,0.3328937718258056,0.0016484908671820758,0.3296627890972855,0.33612475455432567,1
32768,21,0.3308684995630835,0.0016416972313823307,0.327650832116055,0.334086167010112,1
32768,22,0.33374953571430255,0.0016517195972596626,0.3305122247911146,0.3369868466374905,1
32768,23,0.3322134289201094,0.001646342921224734,0.32898665608830646,0.33544020175191236,1
32768,24,0.33404868139023813,0.00164909220498302,0.33081652006128565,0.3372808427191906,1
32768,25,0.33622755413704,0.0016514268324116855,0.33299081702241,0.33946429125166994,1
32768,26,0.3320659577738358,0.0016504540221323873,0.32883112733231706,0.33530078821535453,1
32768,27,0.3351166652195238,0.0016485265668152638,0.33188561252100846,0.3383477179180392,1
32768,28,0.3339436624391644,0.0016471137858477547,0.33071537874046336,0.33717194613786544,1
32768,29,0.3354955929181931,0.0016492522359329285,0.3322631179343424,0.3387280679020438,1
32768,30,0.3326229526779452,0.0016437240006841425,0.3294013128360802,0.33584459251981025,1
32768,31,0.3318214349107213,0.0016429537284020678,0.32860130477478744,0.33504156504665517,1
32768,32,0.3326930325935247,0.0016439005511929635,0.32947104671902094,0.3359150184680284,1
32768,33,0.33424128176365325,0.0016593296343000265,0.3309890554419452,0.3374935080853613,1
32768,34,0.33395863774289813,0.0016570620026591105,0.33071085589753646,0.3372064195882598,1
32768,35,0.33046823595200137,0.0016412455320015812,0.327251453819491,0.33368501808451173,1
32768,36,0.33133594681036266,0.0016462010848556454,0.32810945197273483,0.3345624416479905,1
32768,37,0.3325438637191356,0.0016455289996032752,0.3293186861443969,0.33576904129387425,1
32768,38,0.33214818953554903,0.0016446041312233987,0.3289248246695254,0.3353715544015727,1
32768,39,0.3341495918584327,0.0016594796264011611,0.33089707155760845,0.3374021121592569,1
32768,40,0.33654956202994074,0.001655240282140794,0.3333053506911849,0.3397937733686966,1
32768,41,0.33503759679800177,0.0016451078861421716,0.3318132445904803,0.33826194900552325,1
32768,42,0.33027310153784045,0.001645795859715643,0.32704740092689266,0.33349880214878824,1
32768,43,0.3352509321850167,0.001657438434117292,0.33200241254755436,0.3384994518224791,1
32768,44,0.33258235292789734,0.0016539449001041332,0.32934068049127957,0.3358240253645151,1
32768,45,0.3290553102879929,0.001637004222448377,0.3258468409694541,0.3322637796065317,0
32768,46,0.33267991347715353,0.0016492393952797747,0.3294474636605206,0.3359123632937865,1
32768,47,0.33385248891382974,0.0016475757435233237,0.3306232997947222,0.33708167803293726,1
32768,48,0.33564323656494577,0.001646705214148123,0.3324157536520611,0.33887071947783043,1
32768,49,0.3346339142212966,0.0016495106519436187,0.33140093275137195,0.3378668956912213,1
32768,50,0.3335614139432076,0.0016524517179506355,0.330322668089833,0.3368001597965822,1
32768,51,0.33314954012630177,0.001648075414308343,0.3299193716704515,0.33637970858215205,1
32768,52,0.33356118108377886,0.001648388086757935,0.33033039980118845,0.33679196236636927,1
32768,53,0.33280771102265017,0.0016454117371888118,0.3295827632780206,0.3360326587672797,1
32768,54,0.3326059921864718,0.0016432139398645594,0.3293853520454431,0.3358266323275005,1
32768,55,0.33342728523433346,0.0016478577692178927,0.3301975433550219,0.33665702711364504,1
32768,56,0.3350860035764386,0.0016466904632332082,0.3318585495748159,0.33831345757806125,1
32768,57,0.33298859754509186,0.0016440706421849817,0.32976627829836963,0.3362109167918141,1
32768,58,0.3342930954221781,0.001643901929410297,0.33107110684641805,0.33751508399793817,1
32768,59,0.33280025721220596,0.0016517314864883152,0.32956292298655804,0.3360375914378539,1
32768,60,0.33464896351106643,0.0016464672093949157,0.33142194707892625,0.3378759799432066,1
32768,61,0.333912146968943,0.0016483719793337448,0.33068139725632384,0.33714289668156217,1
32768,62,0.3353565500070449,0.001653663023495149,0.3321154300384288,0.338597669975661,1
32768,63,0.3347382590882391,0.0016479607786824711,0.3315083153140869,0.3379682028623913,1
32768,64,0.33263517442800455,0.0016377609468692439,0.32942522195685464,0.33584512689915447,1
32768,65,0.33005431709747746,0.0016412784950378522,0.32683747035860317,0.33327116383635175,0
32768,66,0.3325100280308059,0.0016473381959658958,0.32928130449635556,0.3357387515652563,1
32768,67,0.3301663225512161,0.0016442934837158146,0.3269435665431192,0.333389078559313,1
32768,68,0.33409412313591935,0.0016492911306461755,0.3308615719198315,0.3373266743520072,1
32768,69,0.3332409835404936,0.001652979883706558,0.3300012025012595,0.33648076457972764,1
32768,70,0.332652633865526,0.001649136972699771,0.32942038479346103,0.335884882937591,1
32768,71,0.3339752667831134,0.0016518467511074187,0.33073770664296337,0.33721282692326343,1
32768,72,0.33326043423060614,0.001643379266375183,0.33003947005557094,0.33648139840564134,1
32768,73,0.33400621223246285,0.0016497361898122377,0.33077278871643856,0.33723963574848714,1
32768,74,0.3328531772557178,0.0016509300668827193,0.32961741378363335,0.3360889407278022,1
32768,75,0.3317181159091099,0.001635771418074642,0.3285120628427436,0.33492416897547617,1
32768,76,0.3361283072272883,0.0016477380489504842,0.33289879999538907,0.33935781445918756,1
32768,77,0.332612979590266,0.0016469794337603165,0.3293849592168176,0.33584099996371436,1
32768,78,0.33402092966503544,0.0016473797729926421,0.3307921246411101,0.3372497346889608,1
32768,79,0.33183484207315866,0.001644154030331574,0.3286123593886724,0.33505732475764494,1
32768,80,0.33274336378566066,0.0016460637264709488,0.3295171381655198,0.3359695894058015,1
32768,81,0.3322334971268907,0.0016475716381401198,0.3290043160541864,0.335462678199595,1
32768,82,0.33308337143306604,0.0016444927376830464,0.3298602248943696,0.3363065179717625,1
32768,83,0.3372399934339584,0.0016574223992952644,0.3339915052241697,0.34048848164374707,0
32768,84,0.3329807482757461,0.001647244412877146,0.32975220855277204,0.33620928799872013,1
32768,85,0.3321250083446085,0.0016466109716721682,0.32889771014358254,0.33535230654563447,1
32768,86,0.33261058484621553,0.001642214741231297,0.3293919030985214,0.33582926659390966,1
32768,87,0.33390721317314387,0.001642117334671,0.3306887223387998,0.3371257040074879,1
32768,88,0.3349993056332222,0.001651350627179924,0.33176271787810196,0.3382358933883425,1
32768,89,0.3314992452139374,0.0016456499889583897,0.3282738305044202,0.3347246599234546,1
32768,90,0.3336856123014232,0.0016554265436891453,0.33044103589674084,0.3369301887061055,1
32768,91,0.33121693589684376,0.0016476776050662245,0.3279875471327807,0.3344463246609068,1
32768,92,0.3344439062805186,0.0016445755407598116,0.3312205974507739,0.3376672151102633,1
32768,93,0.333481448427586,0.001652407751736452,0.3302427887464077,0.33672010810876424,1
32768,94,0.33657192493770954,0.0016482487239984145,0.33334141680110857,0.3398024330743105,0
32768,95,0.33047033712384416,0.0016407398639784686,0.3272545460824472,0.3336861281652411,1
32768,96,0.3326522588230857,0.0016464189159785174,0.3294253370443023,0.33587918060186905,1
32768,97,0.33158576566816467,0.0016417877461693947,0.32836792081541344,0.3348036105209159,1
32768,98,0.33395116446161804,0.0016555199632430253,0.33070640495797465,0.33719592396526143,1
32768,99,0.33491042190540776,0.001648572822817004,0.3316792785467949,0.3381415652640206,1
32768,100,0.3320174201798613,0.0016442694769417845,0.3287947112241769,0.3352401291355457,1
32768,101,0.33311623270451923,0.0016387567331438355,0.3299043285281348,0.3363281368809037,1
32768,102,0.3331619041165251,0.0016501839680679476,0.3299276029712465,0.33639620526180364,1
32768,103,0.33253729754836453,0.001637900272393131,0.32932707200420563,0.3357475230925234,1
32768,104,0.334194298031686,0.0016517580331929503,0.3309569117754531,0.33743168428791886,1
32768,105,0.3317113745617341,0.0016488240115887219,0.32847973888217535,0.33494301024129286,1
32768,106,0.3361089450458882,0.0016496425650066242,0.3328757050311109,0.33934218506066544,1
32768,107,0.33238220242371863,0.001644145704069066,0.32915973605840704,0.3356046687890302,1
32768,108,0.3341008870438834,0.0016419226191028728,0.3308827778450401,0.3373189962427267,1
32768,109,0.33405956365104605,0.0016480889822677038,0.3308293686024841,0.33728975869960803,1
32768,110,0.3339548342156919,0.0016455451611748805,0.330729624964855,0.3371800434665288,1
32768,111,0.32968064558027405,0.0016408715000314335,0.3264645965369542,0.3328966946235939,0
32768,112,0.3347508069255302,0.0016512050379661458,0.33151450452002545,0.337987109331035,1
32768,113,0.3328917118588883,0.001650633525445983,0.32965652959733976,0.3361268941204368,1
32768,114,0.33418389456103215,0.0016535698519357087,0.3309429572053169,0.3374248319167474,1
32768,115,0.33303776898477894,0.0016471873548653195,0.3298093410934531,0.33626619687610476,1
32768,116,0.3338165265606513,0.0016444371221300295,0.33059348902643576,0.33703956409486685,1
32768,117,0.33333976985257824,0.0016485696706568134,0.33010863267208584,0.33657090703307063,1
32768,118,0.3355949442764148,0.0016512603736848585,0.3323585334148943,0.3388313551379353,1
32768,119,0.3364343737779407,0.0016520930965279684,0.3331963308096387,0.33967241674624277,1
32768,120,0.33331399127513833,0.0016479148745185328,0.3300841374714942,0.3365438450787825,1
32768,121,0.3339860654756524,0.0016458157982695988,0.33076032578585696,0.33721180516544785,1
32768,122,0.3335686445568967,0.0016507515126787046,0.3303332310446214,0.336804058069172,1
32768,123,0.33603221301859787,0.0016479844413495545,0.3328022228664704,0.33926220317072536,1
32768,124,0.3335211435989248,0.0016545399980559773,0.33027830479175413,0.3367639824060955,1
32768,125,0.3335956322709405,0.0016523563544140977,0.330357073326663,0.33683419121521807,1
32768,126,0.33230505686483636,0.0016408143346077575,0.3290891198636881,0.3355209938659846,1
32768,127,0.3337238908258042,0.00164972551807621,0.3304904882259982,0.33695729342561026,1
32768,128,0.3340637996338143,0.0016496611195548484,0.3308305232527907,0.3372970760148378,1
32768,129,0.3349348904504467,0.0016493728066894944,0.3317021791522556,0.33816760174863786,1
32768,130,0.32946450329489446,0.0016436198362610583,0.32624306761154714,0.3326859389782418,0
32768,131,0.3317034938875959,0.0016396116428082108,0.32848991411905926,0.33491707365613255,1
32768,132,0.33533988792957725,0.001660734060408688,0.33208490898327725,0.33859486687587725,1
32768,133,0.33270300609623316,0.0016473126952972388,0.32947433254217495,0.33593167965029136,1
32768,134,0.3355176915606684,0.001648209404611126,0.33228726048865037,0.33874812263268644,1
32768,135,0.33282531574682056,0.0016464957244407574,0.3295982434262175,0.3360523880674236,1
32768,136,0.33326431389058186,0.0016430984699159924,0.33004390006649365,0.3364847277146701,1
32768,137,0.33352652573706754,0.001637328301584561,0.33031742123509367,0.3367356302390414,1
32768,138,0.33249077355591816,0.0016456714658383098,0.3292653167524898,0.3357162303593465,1
32768,139,0.33475119358054795,0.0016455165244597498,0.3315260404566413,0.3379763467044546,1
32768,140,0.3314228324577999,0.0016334099188418693,0.32822140784487935,0.33462425707072047,1
32768,141,0.33255605748242684,0.0016459687487869483,0.32933001801512596,0.3357820969497277,1
32768,142,0.3314199074640495,0.0016459666424397377,0.32819387212511325,0.3346459428029857,1
32768,143,0.33438928159371367,0.0016484132327165453,0.33115845102595,0.33762011216147736,1
32768,144,0.333757432059083,0.0016461693776817386,0.33053099936637403,0.33698386475179193,1
32768,145,0.33597157883654005,0.0016518883075362903,0.3327339372472861,0.339209220425794,1
32768,146,0.3338464239850284,0.0016510802131058952,0.3306103662317541,0.3370824817383027,1
32768,147,0.33375469514123457,0.0016474581832090105,0.3305257364361091,0.33698365384636003,1
32768,148,0.3334778680107148,0.0016467768760167227,0.3302502446431486,0.33670549137828093,1
32768,149,0.33259880562892363,0.001649177259579914,0.32936647759602455,0.3358311336618227,1
32768,150,0.33481275215711015,0.001637240316394751,0.3316038201029395,0.3380216842112808,1
32768,151,0.33590135550497385,0.0016576364578777501,0.3326524477480729,0.3391502632618748,1
32768,152,0.33361775280701084,0.0016431163990869465,0.3303973038423933,0.3368382017716284,1
32768,153,0.33547509343505133,0.0016512621755606183,0.3322386790419193,0.3387115078281834,1
32768,154,0.33493062088170056,0.001646976873320283,0.3317026055266224,0.3381586362367787,1
32768,155,0.3324434149943257,0.0016456017143047761,0.329218094901391,0.3356687350872605,1
32768,156,0.33496072956393996,0.0016457298555850517,0.331735158318711,0.33818630080916895,1
32768,157,0.3323388929148282,0.0016435445451435586,0.3291176047993596,0.33556018103029683,1
32768,158,0.3341430367210272,0.001651923878069277,0.33090532541480966,0.3373807480272447,1
32768,159,0.3330862032910528,0.0016474196948865656,0.3298573200216532,0.33631508656045245,1
32768,160,0.3367149143043701,0.0016520834554138188,0.33347689023230453,0.3399529383764357,0
32768,161,0.33340703851843445,0.0016527261740249145,0.33016775474103893,0.33664632229582997,1
32768,162,0.3342538382013511,0.001652400720283084,0.3310151923015682,0.33749248410113397,1
32768,163,0.3302715416674239,0.0016444309961978767,0.3270485161398147,0.33349456719503306,1
32768,164,0.33439607915439207,0.001641632320493682,0.3311785389303675,0.3376136193784166,1
32768,165,0.3358682359163414,0.0016493746134174387,0.33263552107702854,0.3391009507556543,1
32768,166,0.33285491723045474,0.0016466634137238057,0.3296275162448963,0.3360823182160132,1
32768,167,0.33260648620598326,0.0016448238864300822,0.3293826906276691,0.3358302817842974,1
32768,168,0.33459030844319004,0.0016503441527332408,0.33135569334173665,0.33782492354464344,1
32768,169,0.3332582386210518,0.001649349697969351,0.3300255726151199,0.3364909046269837,1
32768,170,0.3355838387147711,0.0016527934133774296,0.3323444231506663,0.3388232542788759,1
32768,171,0.33105724670571657,0.001642019352473683,0.3278389479129504,0.33427554549848276,1
32768,172,0.33416866920086835,0.001660631555478105,0.33091389116054054,0.33742344724119616,1
32768,173,0.3345012207618441,0.0016457856088272003,0.33127554024226846,0.3377269012814197,1
32768,174,0.3348763758756955,0.0016491639208955414,0.3316440739861374,0.33810867776525366,1
32768,175,0.3321790556692553,0.0016459533963923431,0.32895304629209493,0.3354050650464157,1
32768,176,0.3330935841071473,0.001641074111977341,0.32987713795171064,0.33631003026258394,1
32768,177,0.3336565816060824,0.0016476849852362862,0.3304271783771519,0.3368859848350129,1
32768,178,0.33277466252357335,0.00164204029468946,0.3295563226848185,0.3359930023623282,1
32768,179,0.33393467281400524,0.00165061653140875,0.33069952386015766,0.3371698217678528,1
32768,180,0.3334005367056282,0.0016469285963704385,0.33017261597163305,0.33662845743962333,1
32768,181,0.33489135605148057,0.0016550150476707384,0.33164758616417406,0.3381351259387871,1
32768,182,0.3314891205979946,0.0016466786395254313,0.32826168977041337,0.3347165514255759,1
32768,183,0.3302757876995708,0.0016408029637858218,0.327059872984824,0.3334917024143176,1
32768,184,0.3334456688850477,0.0016425622126675199,0.3302263061058529,0.33666503166424244,1
32768,185,0.33284070619830586,0.0016484799766635838,0.3296097448148098,0.3360716675818019,1
32768,186,0.33394952475848,0.0016498614653560999,0.33071585570690154,0.33718319381005846,1
32768,187,0.33468088068219776,0.0016460126669713227,0.33145475513683725,0.33790700622755826,1
32768,188,0.33116177517135176,0.0016461726888283088,0.32793533598891483,0.3343882143537887,1
32768,189,0.33208845408102794,0.0016426096034347832,0.32886899841763617,0.3353079097444197,1
32768,190,0.3337947767934157,0.0016475612240977285,0.3305656161318594,0.33702393745497194,1
32768,191,0.33344539874017526,0.0016501421545344643,0.3302111795479164,0.3366796179324341,1
32768,192,0.3342073978165847,0.0016480904931620351,0.33097719980672424,0.33743759582644517,1
32768,193,0.3308355090934231,0.0016384780742219544,0.3276241510784895,0.3340468671083566,1
32768,194,0.33266170699167746,0.0016441453819782885,0.32943924125765217,0.33588417272570276,1
32768,195,0.33190946794772735,0.001639232769737807,0.3286966307567634,0.3351223051386913,1
32768,196,0.33637162600106185,0.0016491663407787664,0.33313931936861974,0.33960393263350397,1
32768,197,0.33084574024623015,0.001642794348137459,0.32762592248987477,0.3340655580025855,1
32768,198,0.33295666553716163,0.0016407726246731292,0.32974081028598307,0.3361725207883402,1
32768,199,0.33527298531899996,0.0016599162515615132,0.33201960924858664,0.3385263613894133,1
32768,200,0.33166558925387135,0.0016455899837729947,0.32844029215235643,0.3348908863553863,1
32768,201,0.3331597706007632,0.0016407985910003007,0.3299438644565185,0.33637567674500785,1
32768,202,0.33374584977863636,0.001651056627728522,0.3305098382518523,0.3369818613054204,1
32768,203,0.3345444510572157,0.0016480453704289832,0.3313143414862869,0.3377745606281445,1
32768,204,0.33217741920073257,0.0016476611113217996,0.3289480627638146,0.33540677563765053,1
32768,205,0.3364015088168108,0.0016530572997000982,0.33316157604501756,0.33964144158860404,1
32768,206,0.3356303866202453,0.001642141303762237,0.33241184880734564,0.33884892443314496,1
32768,207,0.3321134059865208,0.0016458948605090737,0.3288875113375834,0.33533930063545814,1
32768,208,0.3327191685736161,0.0016445887597465428,0.3294958338351335,0.33594250331209874,1
32768,209,0.33232959585176547,0.001647133017933341,0.32910127445886933,0.3355579172446616,1
32768,210,0.33278520780066173,0.0016490586313074721,0.3295531122749042,0.33601730332641927,1
32768,211,0.332463307830086,0.0016492544354044577,0.3292308285353503,0.3356957871248217,1
32768,212,0.33063072896203904,0.0016419705598441018,0.32741252580106955,0.33384893212300853,1
32768,213,0.3364297641213827,0.0016447807320479403,0.33320605312410334,0.33965347511866206,1
32768,214,0.3333425445611302,0.001647731280183569,0.33011305059577034,0.3365720385264901,1
32768,215,0.3309515249380808,0.0016437602454791123,0.327729814057723,0.33417323581843855,1
32768,216,0.3349738566843,0.001651656886989752,0.33173666867098256,0.3382110446976175,1
32768,217,0.3305714371808672,0.0016384925085105217,0.3273600508752479,0.33378282348648647,1
32768,218,0.33385187244937714,0.0016519623845960547,0.330614085671754,0.3370896592270003,1
32768,219,0.3312955521877645,0.0016469057247257112,0.3280676762813693,0.33452342809415975,1
32768,220,0.3325775990333817,0.001636076705396735,0.32937094761485913,0.33578425045190424,1
32768,221,0.3324996011725191,0.0016466681239735098,0.3292721909550409,0.3357270113899973,1
32768,222,0.3335102747930651,0.0016499429837175288,0.3302764459684342,0.336744103617696,1
32768,223,0.3311466538401509,0.0016481245864778712,0.3279163890086193,0.3343769186716825,1
32768,224,0.3342365619813941,0.0016524114702626755,0.3309978950120384,0.33747522895074983,1
32768,225,0.33445022922400447,0.0016495807374855595,0.33121711038894175,0.3376833480590672,1
32768,226,0.3334283050339293,0.0016442342799682032,0.33020566506304544,0.33665094500481313,1
32768,227,0.334304317020354,0.0016412164119903893,0.3310875919620168,0.3375210420786912,1
32768,228,0.3327881020851692,0.0016461383937707245,0.32956173011980994,0.3360144740505284,1
32768,229,0.3311550276661559,0.0016450843271533756,0.327930721633404,0.3343793336989078,1
32768,230,0.335540144980214,0.0016519330568137032,0.332302415683988,0.33877787427644,1
32768,231,0.3385274360493798,0.0016559592541968283,0.3352818155512882,0.34177305654747137,0
32768,232,0.3334197050625285,0.0016439519268042163,0.330197618493677,0.33664179163137997,1
32768,233,0.33286307982186447,0.0016478857180764468,0.3296332831637967,0.33609287647993225,1
32768,234,0.33449762133256467,0.0016428568248674706,0.3312776811240686,0.33771756154106075,1
32768,235,0.33280412459680947,0.001643551245681309,0.3295828233485282,0.33602542584509076,1
32768,236,0.33179641071005433,0.0016424654129240483,0.3285772376548705,0.33501558376523816,1
32768,237,0.3314719258109141,0.001644956048335156,0.32824787120002585,0.3346959804218024,1
32768,238,0.3333811280352127,0.0016463962801640019,0.33015425062181053,0.33660800544861486,1
32768,239,0.3324977426052916,0.0016438941230558573,0.32927576932970504,0.3357197158808781,1
32768,240,0.33438904611898845,0.0016434999452151545,0.3311678454177732,0.3376102468202037,1
32768,241,0.3327059082949479,0.0016465140217842,0.32947880011221065,0.33593301647768514,1
32768,242,0.3363131919658422,0.0016521081654920764,0.3330751194629132,0.3395512644687712,1
32768,243,0.33322892493552525,0.0016501715904175805,0.3299946480499956,0.3364632018210549,1
32768,244,0.33490516850962593,0.0016497742825908558,0.33167167033312744,0.3381386666861244,1
32768,245,0.33421973396512106,0.0016489901221131728,0.3309877727149169,0.3374516952153252,1
32768,246,0.3334418474081249,0.0016414156151650175,0.3302247319187398,0.33665896289750996,1
32768,247,0.3347236002909494,0.0016526190019838,0.3314845265668946,0.3379626740150042,1
32768,248,0.3324729257639766,0.0016483648380953815,0.32924219004792743,0.33570366148002573,1
32768,249,0.3338863119564346,0.0016448041876492953,0.3306625549870213,0.3371100689258479,1
32768,250,0.3334401216691336,0.0016447164126282977,0.33021653673560025,0.336663706602667,1
32768,251,0.33412472780051433,0.0016502026238635402,0.33089039009054827,0.3373590655104804,1
32768,252,0.3328450406036336,0.0016422301152990658,0.32962632872332037,0.3360637524839469,1
32768,253,0.3349662789679783,0.0016472308507071397,0.33173776582636905,0.3381947921095876,1
32768,254,0.3337684626959993,0.0016452831562423131,0.330543766965394,0.3369931584266046,1
32768,255,0.32984591806074404,0.0016418669950722662,0.3266279178829974,0.3330639182384907,0
32768,256,0.33411550061057205,0.0016446337569920519,0.33089207767910883,0.33733892354203526,1
32768,257,0.33334763230334524,0.0016473427097505723,0.3301188999220395,0.33657636468465096,1
32768,258,0.3315396663130017,0.0016443256087493364,0.3283168473409961,0.3347624852850073,1
32768,259,0.33418917619153937,0.0016390201113156895,0.3309767558034238,0.33740159657965496,1
32768,260,0.3337555591182704,0.0016502830003919037,0.33052106387320357,0.3369900543633372,1
32768,261,0.3337669889779707,0.0016493703820665653,0.33053428243195315,0.33699969552398823,1
32768,262,0.3361275133472351,0.0016633808694473259,0.3328673467505454,0.3393876799439248,1
32768,263,0.3355631230862327,0.0016561973808494855,0.33231703586847816,0.33880921030398725,1
32768,264,0.33324498633732075,0.0016459074270338183,0.33001906705844747,0.336470905616194,1
32768,265,0.33574932882938274,0.0016473834592194596,0.33252051658058557,0.3389781410781799,1
32768,266,0.33227833017605624,0.00164873470939886,0.3290468695255734,0.3355097908265391,1
32768,267,0.33630367264977623,0.001654657706946847,0.33306060313741875,0.3395467421621337,1
32768,268,0.33432939442493137,0.001643066063939785,0.3311090441153894,0.33754974473447336,1
32768,269,0.334566373214265,0.0016490320892575355,0.3313343297099694,0.33779841671856065,1
32768,270,0.33122189950465664,0.001649306576823397,0.3279893180146177,0.33445448099469555,1
32768,271,0.3323124853667506,0.0016525208028058272,0.329073604109548,0.33555136662395324,1
32768,272,0.3327450938850995,0.0016453256655616815,0.3295203148377592,0.3359698729324398,1
32768,273,0.3322515184622052,0.0016451527960896692,0.3290270782328041,0.3354759586916063,1
32768,274,0.331611689315112,0.0016422268929199727,0.3283929837505457,0.33483039487967825,1
32768,275,0.3331331332860741,0.001646846398373189,0.32990537365719314,0.336360892914955,1
32768,276,0.33325117431078666,0.0016534292313409866,0.3300105125663726,0.3364918360552007,1
32768,277,0.33314063749538064,0.0016405974972719273,0.3299251254876011,0.3363561495031602,1
32768,278,0.3320686526758561,0.0016426817548890655,0.3288490555982125,0.33528824975349975,1
32768,279,0.3323609509769476,0.0016441808258201801,0.3291384157742687,0.3355834861796265,1
32768,280,0.3331803481300767,0.0016476874003220855,0.32995094016766496,0.3364097560924884,1
32768,281,0.3340570727422382,0.001646543564470477,0.3308299066568999,0.3372842388275766,1
32768,282,0.3337481536693445,0.0016462222762254671,0.33052161729739504,0.336974690041294,1
32768,283,0.33524474091490974,0.0016485818001481306,0.3320135799610512,0.3384759018687683,1
32768,284,0.3306492148817049,0.001641172409942129,0.3274325760657975,0.3338658536976123,1
32768,285,0.3337787364527621,0.0016441530601647896,0.3305562556697678,0.33700121723575643,1
32768,286,0.33164995083912174,0.001645234786693912,0.32842534991108924,0.33487455176715425,1
32768,287,0.3349401250373962,0.0016446296946363676,0.3317167100680038,0.33816354000678855,1
32768,288,0.3302548799135687,0.0016398680189426077,0.32704079765704214,0.3334689621700953,1
32768,289,0.333395540515472,0.0016439664719445763,0.33017342543866923,0.33661765559227474,1
32768,290,0.335313919435709,0.0016505296964957677,0.33207894067516347,0.3385488981962545,1
32768,291,0.3320784373914656,0.001641388724616349,0.32886137460658743,0.33529550017634374,1
32768,292,0.33342754654850837,0.0016465438860712714,0.33020037983284406,0.3366547132641727,1
32768,293,0.3339064273983341,0.0016489236979739773,0.3306745963370505,0.3371382584596177,1
32768,294,0.3353623384524984,0.0016501390411497912,0.33212812536236136,0.33859655154263546,1
32768,295,0.3341958994642753,0.0016430481781256983,0.3309755842102848,0.33741621471826583,1
32768,296,0.3316551640746628,0.0016449872390167804,0.32843104833116193,0.3348792798181636,1
32768,297,0.33434494966836803,0.0016458233534575335,0.33111919517067634,0.3375707041660597,1
32768,298,0.3333383691058462,0.001645813571946209,0.3301126337795644,0.336564104432128,1
32768,299,0.33018528122998436,0.0016371609819408521,0.32697650466848605,0.3333940577914827,1
32768,300,0.33650608103824936,0.0016526692951374699,0.33326690874142473,0.339745253335074,1
32768,301,0.33213827526742074,0.0016503231976520458,0.3289037012371718,0.3353728492976697,1
32768,302,0.33515835553928364,0.001649457615022273,0.33192547801981465,0.3383912330587526,1
32768,303,0.33264252012249207,0.0016421326138246694,0.3294239993415571,0.33586104090342705,1
32768,304,0.3329265816691077,0.001648895539055553,0.3296948057982901,0.33615835753992535,1
32768,305,0.3327099358957846,0.001649419247350436,0.3294771335755706,0.3359427382159986,1
32768,306,0.33216026795211157,0.0016480681200253262,0.3289301137927933,0.33539042211142983,1
32768,307,0.3303376548496532,0.0016457709622879153,0.3271120030367671,0.33356330666253936,1
32768,308,0.33402994819540455,0.0016502166859953212,0.33079558292416666,0.33726431346664243,1
32768,309,0.33466834779725285,0.0016514300762664439,0.3314316043247844,0.3379050912697213,1
32768,310,0.3360169620257672,0.0016489426619567965,0.33278509379576027,0.3392488302557741,1
32768,311,0.33390296199948655,0.001645084092815509,0.3306786564260284,0.3371272675729447,1
32768,312,0.3334209982979207,0.0016480903374787653,0.3301908005931939,0.33665119600264753,1
32768,313,0.3327041042275761,0.0016499581334902627,0.32947024570993627,0.335937962745216,1
32768,314,0.33698328670515965,0.0016540225114815969,0.33374146215303724,0.34022511125728205,0
32768,315,0.33422095761994186,0.0016502418057477975,0.33098654311489384,0.3374553721249899,1
32768,316,0.3336139223903396,0.0016496557600193956,0.33038065651381254,0.33684718826686666,1
32768,317,0.33232733684568827,0.0016417835905233687,0.3291095001378536,0.3355451735535229,1
32768,318,0.3332508170341617,0.0016426393596480537,0.3300313030496636,0.3364703310186598,1
32768,319,0.3377574899080852,0.0016543421251719343,0.33451503892464074,0.34099994089152963,0
32768,320,0.3341048341338181,0.0016397327331424576,0.33089101703258744,0.3373186512350487,1
32768,321,0.32994565254458535,0.0016391460507735052,0.3267329853196682,0.3331583197695025,0
32768,322,0.33462513931428267,0.0016537281002356858,0.33138389179759886,0.3378663868309665,1
32768,323,0.3323301349660707,0.0016419442189136472,0.32911198343237624,0.3355482864997652,1
32768,324,0.33524282959437074,0.0016427784466455507,0.3320230430043668,0.3384626161843747,1
32768,325,0.3313006157764824,0.0016415233016263857,0.3280832892255114,0.3345179423274534,1
32768,326,0.33463815106966743,0.001653759554494664,0.3313968419037689,0.337879460235566,1
32768,327,0.33082290791825403,0.0016411358085288092,0.32760634083979856,0.3340394749967095,1
32768,328,0.32954279199434633,0.0016405456470814143,0.3263273816110728,0.3327582023776199,0
32768,329,0.33398078215512406,0.001642487866491429,0.3307615650917568,0.3371999992184913,1
32768,330,0.33261490290411067,0.001644172898279032,0.32939238323912695,0.3358374225690944,1
32768,331,0.3302223263233268,0.0016368870947179673,0.3270140865709212,0.33343056607573246,1
32768,332,0.3345368078897244,0.001652454330477965,0.3312980569158903,0.3377755588635585,1
32768,333,0.33442572856959984,0.0016518760119278225,0.33118811107929563,0.33766334605990406,1
32768,334,0.33051983219969383,0.001641773208994865,0.32730201583928115,0.3337376485601065,1
32768,335,0.33188998915210477,0.0016473544463278269,0.3286612337675303,0.3351187445366792,1
32768,336,0.3317474528314457,0.0016380056957506315,0.32853702066130297,0.3349578850015884,1
32768,337,0.3326560035413037,0.001646444498596081,0.32942903162151127,0.33588297546109613,1
32768,338,0.3304717726991349,0.001644034152952161,0.3272495249699949,0.33369402042827495,1
32768,339,0.3336070150774773,0.0016474840533592875,0.330378005667789,0.3368360244871656,1
32768,340,0.3359485322166919,0.001653213341890463,0.3327082936078255,0.3391887708255583,1
32768,341,0.33344849189956394,0.0016478559299781218,0.33021875362509606,0.3366782301740318,1
32768,342,0.3333938162841718,0.001652168263719843,0.33015562599088083,0.3366320065774628,1
32768,343,0.332956891590074,0.001646837548325378,0.32972914930696806,0.33618463387318,1
32768,344,0.3335367979916291,0.0016401031266180715,0.33032225493252615,0.33675134105073207,1
32768,345,0.33594233935225754,0.0016542111646992035,0.33270014504662304,0.33918453365789203,1
32768,346,0.33426653584384264,0.0016468390988047079,0.33103879052185303,0.33749428116583224,1
32768,347,0.3346563023303252,0.0016498635786049043,0.3314226291368552,0.3378899755237951,1
32768,348,0.33225950267063237,0.001640243565298284,0.32904468435677414,0.3354743209844906,1
32768,349,0.3299726437310511,0.00164125594632471,0.3267558411868425,0.33318944627525976,0
32768,350,0.33475212902103,0.001659105623648979,0.33150034175213017,0.3380039162899299,1
32768,351,0.3350165663244329,0.00164904178936848,0.3317845038082692,0.3382486288405966,1
32768,352,0.3354965254733515,0.0016464140600640856,0.33226961321198556,0.33872343773471747,1
32768,353,0.33086739426645,0.0016423414051388546,0.32764846426205896,0.33408632427084106,1
32768,354,0.33297479241798433,0.0016502132959823172,0.32974043379104984,0.33620915104491883,1
32768,355,0.3363356002427401,0.0016500686661662753,0.33310152508503615,0.3395696754004441,1
32768,356,0.33529876496943944,0.0016480523675305467,0.3320686416844436,0.3385288882544353,1
32768,357,0.33221707226817093,0.0016466898863328036,0.3289896193972523,0.33544452513908957,1
32768,358,0.33337440936389506,0.001643789902616858,0.3301526403566154,0.3365961783711747,1
32768,359,0.335433289093514,0.0016456937596894196,0.33220778859494043,0.33865878959208756,1
32768,360,0.33125044002270454,0.001644390946975986,0.3280274929901279,0.3344733870552812,1
32768,361,0.3332392533021598,0.001637684006009433,0.33002945163232406,0.33644905497199556,1
32768,362,0.33306735678658905,0.0016472157600517473,0.32983887322212085,0.33629584035105725,1
32768,363,0.3348267986703555,0.0016536991216133023,0.3315856079507279,0.33806798938998306,1
32768,364,0.3332956193150653,0.0016445857474096718,0.33007229048065445,0.33651894814947614,1
32768,365,0.333584135602797,0.001644300073383947,0.33036136667918786,0.3368069045264061,1
32768,366,0.3317376721865888,0.0016460468839447472,0.3285114795771927,0.3349638647959849,1
32768,367,0.33600599121275615,0.0016462023402297817,0.33277949391464023,0.33923248851087207,1
32768,368,0.3305131081014824,0.0016386777649054446,0.3273013587000011,0.33372485750296366,1
32768,369,0.33069704091690977,0.0016381141897725377,0.3274863961023916,0.33390768573142793,1
32768,370,0.33428079568380265,0.0016490692653516764,0.3310486793157014,0.33751291205190387,1
32768,371,0.33203384430768046,0.0016455360076707887,0.3288086529973819,0.33525903561797904,1
32768,372,0.3318079499311599,0.0016454875875001964,0.3285828535226518,0.335033046339668,1
32768,373,0.3345509608479021,0.0016473883236231468,0.3313221390650489,0.33777978263075525,1
32768,374,0.3323344734609928,0.0016414339285676447,0.32911732207799815,0.3355516248439875,1
32768,375,0.33430101013567526,0.0016438487452804325,0.33107912579889426,0.33752289447245626,1
32768,376,0.33560183481399253,0.0016510883187933227,0.33236576117386285,0.3388379084541222,1
32768,377,0.33007910722452877,0.0016499631497203494,0.3268452388752586,0.3333129755737989,0
32768,378,0.3317099519517268,0.0016402673695362071,0.3284950869824196,0.33492481692103404,1
32768,379,0.333630871284414,0.0016501143406196692,0.3303967066064264,0.3368650359624016,1
32768,380,0.33488593015481777,0.001652404643050848,0.33164727656655135,0.3381245837430842,1
32768,381,0.334455203455489,0.0016519470744003264,0.33121744668529807,0.33769296022567996,1
32768,382,0.3342000107275192,0.0016470464803374626,0.3309718589451943,0.3374281625098441,1
32768,383,0.3328930122404793,0.0016466884200359623,0.3296655622434496,0.33612046223750897,1
32768,384,0.3320115462522652,0.0016482212131989436,0.3287810920358404,0.33524200046869,1
32768,385,0.3306858911308459,0.0016458701890290086,0.32746004483712093,0.33391173742457086,1
32768,386,0.3340843543197186,0.0016499696120362043,0.33085047330454215,0.3373182353348951,1
32768,387,0.3338667955809222,0.0016454636942709632,0.33064174600228285,0.33709184515956153,1
32768,388,0.33142079347755443,0.001642993168470817,0.3282005860405063,0.3346410009146026,1
32768,389,0.3327789953825685,0.001647285714509075,0.3295503747098834,0.3360076160552536,1
32768,390,0.3357955229949341,0.0016474422212445648,0.3325665955746841,0.3390244504151841,1
32768,391,0.3353773907218796,0.0016482545176503848,0.3321468712299294,0.3386079102138298,1
32768,392,0.33161971209200747,0.0016393316314716553,0.3284066811356057,0.3348327430484092,1
32768,393,0.33429424377259404,0.0016557386728979296,0.331049055605904,0.3375394319392841,1
32768,394,0.33260664815150937,0.0016420872734980144,0.3293882162359817,0.33582508006703704,1
32768,395,0.3347143286413988,0.001648493488474393,0.33148334077524017,0.3379453165075574,1
32768,396,0.3352302210692964,0.0016478340772898923,0.3320005256253104,0.3384599165132824,1
32768,397,0.33046486881802384,0.0016435467182680246,0.32724357644330954,0.33368616119273814,1
32768,398,0.33258639300557674,0.0016489586092671433,0.32935449351941587,0.3358182924917376,1
32768,399,0.33231370572464763,0.0016376562781677494,0.3291039584003829,0.33552345304891235,1
